area_name,city_name
长春,长春市
白山,江源
延边,敦化
延边,敦化
延边,敦化
延边,敦化
吉林,吉林市
吉林,吉林市
通化,梅河口
通化,梅河口
通化,梅河口
长春,长春市
松原,扶余
松原,扶余
长春,长春市
通化,梅河口
吉林,吉林市
吉林,吉林市
长春,长春市
长春,长春市
长春,长春市
白山,抚松
白山,靖宇
白山,靖宇
白山,靖宇
白山,靖宇
长春,长春市
四平,梨树
四平,梨树
长春,长春市
延边,汪清
延边,汪清
吉林,永吉
长春,长春市
长春,长春市
长春,长春市
长春,长春市
吉林,桦甸
吉林,桦甸
长春,长春市
长春,长春市
四平,四平市
四平,四平市
长春,德惠
吉林,吉林市
长春,长春市
长春,长春市
长春,长春市
白城,大安
四平,四平市
四平,四平市
吉林,吉林市
长春,长春市
长春,长春市
吉林,磐石
吉林,磐石
长春,长春市
长春,长春市
松原,松原市
长春,长春市
长春,长春市
长春,长春市
长春,长春市
长春,长春市
长春,长春市
长春,长春市
长春,长春市
白城,通榆
白城,通榆
松原,松原市
长春,长春市
长春,长春市
长春,长春市
长春,长春市
长春,长春市
长春,长春市
四平,公主岭
四平,公主岭
四平,四平市
长春,长春市
长春,长春市
长春,长春市
四平,四平市
长春,长春市
长春,长春市
四平,伊通
松原,松原市
长春,长春市
长春,长春市
长春,长春市
长春,长春市
长春,长春市
长春,长春市
白山,长白
延边,延吉市
吉林,吉林市
白山,长白
四平,伊通
四平,伊通
长春,长春市
四平,伊通
长春,长春市
长春,长春市
通化,通化市
白城,通榆
白城,通榆
白城,通榆
松原,松原市
白城,白城市
松原,松原市
松原,松原市
白城,通榆
白城,通榆
白城,通榆
长春,长春市
长春,长春市
长春,长春市
长春,长春市
四平,梨树
四平,梨树
长春,长春市
长春,长春市
松原,松原市
松原,松原市
通化,辉南
延边,延吉市
白城,白城市
白城,白城市
长春,长春市
延边,延吉市
松原,松原市
松原,松原市
通化,梅河口
长春,德惠
四平,四平市
四平,四平市
四平,四平市
四平,四平市
四平,四平市
四平,四平市
四平,四平市
四平,四平市
四平,四平市
四平,四平市
四平,伊通
白城,白城市
长春,长春市
长春,长春市
长春,长春市
长春,长春市
长春,长春市
长春,长春市
长春,农安
长春,农安
长春,长春市
长春,长春市
长春,长春市
长春,长春市
长春,长春市
长春,长春市
长春,长春市
长春,长春市
长春,长春市
长春,长春市
长春,长春市
长春,长春市
长春,长春市
长春,农安
长春,农安
长春,农安
四平,伊通
四平,伊通
长春,长春市
长春,九台
长春,农安
长春,农安
长春,德惠
辽源,东辽
辽源,东辽
长春,长春市
白城,镇赉
白城,镇赉
白城,镇赉
白城,镇赉
长春,长春市
长春,长春市
白城,大安
白城,大安
吉林,吉林市
长春,长春市
长春,双阳
松原,松原市
松原,松原市
长春,长春市
四平,双辽
四平,双辽
四平,双辽
长春,长春市
辽源,辽源市
吉林,吉林市
吉林,吉林市
吉林,吉林市
通化,通化市
长春,长春市
长春,长春市
四平,四平市
吉林,吉林市
长春,长春市
四平,梨树
长春,长春市
松原,松原市
松原,松原市
白城,镇赉
长春,长春市
长春,德惠
长春,德惠
辽源,东辽
辽源,东辽
松原,松原市
松原,松原市
延边,延吉市
延边,延吉市
四平,四平市
吉林,吉林市
长春,农安
松原,松原市
四平,伊通
长春,长春市
长春,农安
长春,农安
长春,长春市
长春,长春市
长春,长春市
四平,双辽
长春,长春市
白山,靖宇
白山,靖宇
白山,靖宇
白山,靖宇
长春,长春市
长春,农安
长春,农安
长春,农安
长春,长春市
长春,长春市
四平,四平市
长春,长春市
长春,长春市
吉林,桦甸
长春,长春市
延边,敦化
长春,长春市
白山,靖宇
白山,靖宇
白山,靖宇
白山,靖宇
吉林,吉林市
松原,长岭
松原,长岭
吉林,吉林市
长春,长春市
四平,四平市
长春,农安
长春,农安
长春,农安
长春,农安
吉林,吉林市
长春,长春市
长春,长春市
长春,长春市
延边,敦化
四平,四平市
长春,长春市
白城,镇赉
长春,九台
长春,九台
长春,长春市
通化,梅河口
通化,梅河口
白城,洮南
四平,四平市
长春,长春市
长春,长春市
白山,靖宇
白城,洮南
白城,洮南
延边,珲春市
长春,长春市
通化,柳河
长春,长春市
长春,长春市
长春,长春市
长春,长春市
四平,公主岭
长春,长春市
长春,长春市
长春,长春市
辽源,辽源市
长春,长春市
长春,长春市
长春,长春市
长春,榆树
长春,德惠
长春,德惠
长春,长春市
延边,汪清
通化,通化市
通化,辉南
通化,梅河口
长春,长春市
白城,大安
白城,大安
白城,大安
长春,九台
四平,公主岭
长春,长春市
白山,白山市
白山,白山市
白山,白山市
白山,白山市
白山,白山市
白山,白山市
白山,白山市
长春,长春市
长春,长春市
长春,长春市
四平,伊通
通化,通化市
长春,长春市
延边,敦化
长春,长春市
延边,和龙
延边,和龙
长春,长春市
长春,长春市
长春,长春市
白城,洮南
松原,乾安
松原,乾安
松原,乾安
长春,长春市
长春,长春市
松原,松原市
长春,长春市
松原,松原市
松原,松原市
长春,长春市
长春,长春市
长春,农安
长春,农安
长春,农安
长春,长春市
延边,珲春市
延边,珲春市
延边,珲春市
吉林,吉林市
吉林,吉林市
长春,长春市
长春,长春市
长春,长春市
松原,扶余
长春,长春市
长春,长春市
松原,松原市
松原,松原市
松原,松原市
松原,松原市
四平,四平市
延边,安图
四平,四平市
长春,长春市
长春,长春市
通化,通化市
长春,长春市
松原,乾安
通化,通化市
长春,长春市
长春,九台
长春,九台
长春,九台
四平,梨树
长春,长春市
长春,长春市
吉林,吉林市
吉林,蛟河
长春,长春市
四平,梨树
四平,梨树
长春,九台
长春,九台
松原,松原市
松原,松原市
松原,松原市
辽源,东辽
松原,乾安
松原,乾安
长春,长春市
松原,松原市
辽源,辽源市
长春,德惠
长春,长春市
吉林,吉林市
长春,长春市
白城,白城市
白城,白城市
延边,珲春市
长春,长春市
四平,伊通
四平,伊通
长春,长春市
长春,长春市
四平,伊通
四平,伊通
四平,四平市
通化,通化市
长春,长春市
长春,长春市
长春,长春市
长春,长春市
白山,抚松
辽源,东辽
辽源,东辽
延边,图们
延边,图们
长春,长春市
长春,长春市
长春,长春市
长春,农安
白城,大安
白城,大安
长春,九台
长春,长春市
长春,九台
长春,长春市
白山,抚松
白山,抚松
长春,长春市
长春,长春市
通化,通化市
长春,长春市
延边,延吉市
长春,长春市
吉林,永吉
四平,双辽
四平,双辽
白山,临江
白山,临江
长春,长春市
长春,长春市
辽源,东丰
辽源,东丰
长春,长春市
吉林,吉林市
吉林,吉林市
松原,松原市
松原,松原市
长春,长春市
延边,延吉市
延边,延吉市
四平,四平市
长春,长春市
四平,四平市
四平,四平市
四平,四平市
吉林,蛟河
四平,四平市
通化,通化市
通化,通化市
通化,通化市
通化,通化市
通化,通化市
通化,通化市
吉林,吉林市
长春,长春市
长春,长春市
松原,乾安
四平,双辽
四平,双辽
四平,双辽
长春,长春市
长春,长春市
长春,长春市
白城,白城市
白城,白城市
白城,白城市
长春,农安
长春,长春市
辽源,东辽
长春,长春市
白山,抚松
长春,长春市
长春,长春市
吉林,吉林市
长春,长春市
长春,长春市
四平,公主岭
长春,长春市
长春,长春市
长春,长春市
长春,榆树
长春,长春市
辽源,东辽
辽源,东辽
长春,长春市
长春,长春市
长春,长春市
长春,长春市
长春,长春市
白山,江源
白山,江源
长春,九台
长春,九台
延边,延吉市
长春,农安
长春,长春市
四平,四平市
吉林,吉林市
吉林,桦甸
吉林,桦甸
吉林,桦甸
通化,柳河
长春,长春市
四平,四平市
四平,四平市
四平,四平市
长春,长春市
长春,长春市
松原,松原市
松原,松原市
松原,松原市
四平,公主岭
长春,双阳
长春,长春市
白城,大安
白城,大安
吉林,吉林市
长春,长春市
长春,长春市
四平,伊通
吉林,吉林市
长春,长春市
长春,长春市
吉林,吉林市
吉林,吉林市
长春,长春市
吉林,吉林市
吉林,吉林市
长春,长春市
长春,长春市
吉林,吉林市
长春,长春市
四平,公主岭
白城,通榆
白城,通榆
白城,通榆
松原,松原市
长春,长春市
四平,四平市
四平,伊通
四平,伊通
吉林,吉林市
吉林,吉林市
吉林,吉林市
长春,九台
长春,九台
长春,九台
长春,九台
长春,长春市
长春,长春市
长春,长春市
白城,镇赉
长春,榆树
白城,白城市
白城,白城市
白城,白城市
长春,长春市
吉林,吉林市
吉林,吉林市
长春,长春市
长春,长春市
长春,长春市
白城,白城市
白城,白城市
白城,白城市
延边,延吉市
延边,龙井
延边,敦化
吉林,吉林市
吉林,吉林市
长春,长春市
延边,汪清
吉林,吉林市
长春,长春市
长春,长春市
吉林,吉林市
长春,长春市
长春,九台
长春,九台
长春,长春市
延边,延吉市
通化,辉南
通化,辉南
长春,长春市
长春,长春市
长春,长春市
长春,农安
延边,汪清
长春,长春市
白山,白山市
白山,白山市
白城,大安
白城,大安
白城,白城市
长春,榆树
长春,长春市
白城,洮南
长春,长春市
长春,长春市
长春,长春市
长春,长春市
长春,长春市
长春,榆树
延边,延吉市
四平,四平市
通化,通化市
四平,公主岭
四平,公主岭
四平,公主岭
白城,洮南
白城,洮南
长春,长春市
松原,松原市
松原,松原市
长春,长春市
松原,松原市
吉林,吉林市
松原,长岭
松原,长岭
长春,长春市
长春,长春市
长春,长春市
四平,公主岭
四平,公主岭
长春,长春市
长春,长春市
吉林,吉林市
长春,长春市
长春,长春市
长春,长春市
长春,长春市
长春,长春市
通化,通化市
长春,长春市
通化,柳河
通化,柳河
四平,伊通
四平,伊通
吉林,吉林市
四平,伊通
四平,伊通
四平,四平市
四平,四平市
松原,松原市
松原,松原市
长春,长春市
四平,四平市
长春,长春市
长春,榆树
长春,榆树
长春,榆树
长春,榆树
延边,敦化
四平,四平市
长春,长春市
长春,长春市
长春,长春市
长春,德惠
长春,长春市
四平,伊通
长春,长春市
松原,松原市
松原,松原市
长春,长春市
长春,长春市
长春,长春市
长春,长春市
长春,长春市
四平,梨树
四平,梨树
四平,梨树
四平,梨树
四平,梨树
四平,梨树
白城,大安
吉林,蛟河
通化,梅河口
通化,通化县
四平,梨树
白城,白城市
白城,白城市
长春,长春市
白城,白城市
松原,松原市
通化,梅河口
通化,梅河口
白城,白城市
白城,白城市
长春,长春市
白城,白城市
白城,镇赉
白城,镇赉
长春,榆树
长春,榆树
长春,榆树
长春,榆树
四平,伊通
松原,松原市
长春,榆树
吉林,吉林市
长春,长春市
长春,长春市
四平,四平市
四平,四平市
松原,松原市
松原,松原市
四平,四平市
吉林,舒兰
通化,通化县
四平,四平市
长春,长春市
四平,公主岭
四平,公主岭
白城,大安
白城,大安
白城,大安
四平,四平市
长春,长春市
四平,双辽
长春,农安
长春,长春市
长春,长春市
白山,江源
白山,江源
长春,长春市
长春,长春市
长春,长春市
辽源,东辽
辽源,东辽
长春,长春市
长春,农安
长春,农安
长春,农安
长春,农安
长春,农安
长春,长春市
四平,伊通
长春,长春市
长春,长春市
吉林,吉林市
长春,榆树
长春,农安
长春,农安
长春,农安
吉林,吉林市
四平,公主岭
辽源,辽源市
松原,长岭
四平,梨树
四平,梨树
四平,梨树
长春,长春市
四平,梨树
四平,梨树
长春,长春市
四平,伊通
长春,双阳
四平,伊通
吉林,吉林市
四平,四平市
长春,长春市
长春,长春市
吉林,吉林市
长春,长春市
白城,白城市
白城,白城市
白城,白城市
四平,四平市
四平,四平市
通化,通化县
吉林,吉林市
长春,九台
长春,九台
白城,通榆
白城,通榆
辽源,东辽
辽源,东辽
长春,长春市
长春,长春市
长春,长春市
长春,长春市
松原,松原市
松原,松原市
长春,长春市
长春,农安
吉林,吉林市
四平,伊通
吉林,吉林市
白山,临江
白山,临江
吉林,吉林市
四平,公主岭
四平,双辽
四平,双辽
长春,九台
长春,九台
白山,白山市
白山,白山市
松原,松原市
松原,松原市
松原,松原市
松原,松原市
长春,九台
通化,辉南
吉林,吉林市
长春,长春市
白城,白城市
白城,白城市
白城,白城市
长春,长春市
四平,四平市
长春,双阳
长春,双阳
通化,通化市
四平,梨树
四平,四平市
长春,长春市
长春,农安
长春,长春市
白城,洮南
白城,洮南
长春,长春市
长春,长春市
长春,长春市
长春,长春市
通化,梅河口
长春,长春市
吉林,磐石
吉林,磐石
吉林,磐石
长春,长春市
延边,珲春市
长春,长春市
长春,长春市
松原,松原市
长春,德惠
长春,德惠
长春,德惠
长春,德惠
四平,公主岭
通化,通化市
长春,长春市
四平,梨树
四平,梨树
四平,公主岭
四平,四平市
长春,长春市
长春,榆树
通化,梅河口
长春,长春市
四平,伊通
四平,伊通
吉林,吉林市
长春,长春市
长春,长春市
延边,延吉市
四平,公主岭
长春,榆树
长春,榆树
长春,榆树
长春,榆树
长春,长春市
长春,长春市
长春,九台
长春,双阳
松原,松原市
松原,松原市
白城,洮南
白城,洮南
白城,洮南
吉林,吉林市
长春,长春市
长春,长春市
长春,长春市
长春,长春市
长春,长春市
长春,农安
长春,农安
长春,农安
长春,农安
长春,农安
白城,大安
白城,大安
四平,伊通
四平,伊通
吉林,吉林市
长春,长春市
四平,四平市
长春,榆树
长春,榆树
长春,榆树
四平,伊通
四平,伊通
松原,松原市
长春,长春市
长春,长春市
长春,长春市
四平,四平市
长春,长春市
长春,长春市
长春,长春市
四平,四平市
长春,长春市
四平,伊通
四平,伊通
通化,通化市
通化,通化市
通化,通化市
通化,通化市
长春,长春市
通化,通化市
通化,通化市
通化,通化市
长春,农安
长春,长春市
长春,长春市
长春,长春市
长春,长春市
长春,长春市
长春,长春市
四平,梨树
长春,长春市
长春,长春市
吉林,吉林市
吉林,吉林市
长春,长春市
吉林,吉林市
长春,长春市
长春,长春市
白城,大安
白城,大安
长春,长春市
吉林,吉林市
吉林,吉林市
吉林,吉林市
吉林,吉林市
吉林,吉林市
吉林,永吉
松原,松原市
吉林,吉林市
长春,长春市
延边,敦化
延边,敦化
吉林,吉林市
吉林,吉林市
白城,白城市
通化,梅河口
通化,梅河口
通化,梅河口
通化,梅河口
通化,通化市
通化,通化市
通化,通化市
长春,榆树
长春,榆树
长春,长春市
长春,长春市
四平,四平市
延边,延吉市
延边,延吉市
延边,延吉市
长春,长春市
四平,四平市
四平,四平市
长春,双阳
长春,双阳
长春,双阳
长春,双阳
长春,双阳
延边,延吉市
延边,延吉市
吉林,吉林市
四平,四平市
白山,白山市
白山,白山市
白山,白山市
延边,图们
延边,延吉市
长春,长春市
通化,通化市
吉林,吉林市
长春,长春市
四平,四平市
松原,松原市
松原,松原市
长春,长春市
长春,长春市
吉林,吉林市
吉林,吉林市
长春,长春市
辽源,辽源市
辽源,辽源市
四平,四平市
吉林,吉林市
吉林,吉林市
长春,长春市
长春,德惠
长春,农安
长春,长春市
长春,长春市
长春,长春市
长春,长春市
吉林,吉林市
吉林,吉林市
松原,松原市
长春,长春市
长春,长春市
四平,四平市
长春,长春市
长春,长春市
长春,长春市
延边,安图
长春,长春市
长春,长春市
白城,大安
四平,四平市
四平,四平市
吉林,吉林市
吉林,吉林市
长春,长春市
长春,长春市
吉林,吉林市
吉林,吉林市
吉林,吉林市
吉林,吉林市
长春,农安
长春,农安
长春,九台
长春,九台
长春,长春市
长春,长春市
长春,长春市
长春,长春市
吉林,吉林市
长春,长春市
长春,长春市
长春,长春市
长春,长春市
吉林,吉林市
吉林,吉林市
吉林,吉林市
吉林,吉林市
吉林,吉林市
吉林,吉林市
吉林,吉林市
吉林,吉林市
吉林,吉林市
长春,长春市
吉林,吉林市
长春,长春市
长春,长春市
长春,长春市
长春,长春市
长春,农安
长春,农安
长春,长春市
四平,四平市
四平,四平市
延边,延吉市
延边,延吉市
长春,长春市
长春,长春市
吉林,吉林市
长春,长春市
吉林,吉林市
延边,延吉市
延边,龙井
延边,龙井
通化,通化市
辽源,辽源市
辽源,辽源市
辽源,辽源市
四平,四平市
长春,长春市
松原,松原市
松原,松原市
四平,四平市
长春,长春市
长春,长春市
吉林,蛟河
吉林,蛟河
长春,长春市
长春,长春市
长春,九台
松原,长岭
松原,长岭
松原,长岭
松原,长岭
长春,榆树
长春,长春市
吉林,吉林市
吉林,吉林市
长春,长春市
长春,长春市
松原,松原市
松原,松原市
长春,长春市
延边,延吉市
长春,长春市
长春,长春市
长春,长春市
吉林,舒兰
白城,白城市
白城,白城市
白山,长白
白山,长白
长春,长春市
长春,长春市
长春,长春市
长春,长春市
长春,长春市
长春,长春市
长春,长春市
白城,通榆
白城,通榆
长春,长春市
吉林,桦甸
长春,长春市
长春,长春市
辽源,东辽
辽源,东辽
长春,长春市
长春,长春市
长春,长春市
长春,长春市
长春,长春市
长春,长春市
长春,长春市
长春,长春市
长春,长春市
长春,长春市
长春,长春市
长春,长春市
延边,和龙
延边,和龙
通化,通化市
长春,长春市
延边,珲春市
白城,白城市
白城,白城市
白城,白城市
白城,白城市
通化,通化县
松原,松原市
长春,长春市
长春,长春市
长春,长春市
长春,长春市
长春,长春市
长春,长春市
长春,长春市
长春,长春市
长春,长春市
长春,长春市
四平,伊通
吉林,蛟河
长春,长春市
长春,九台
吉林,吉林市
长春,长春市
长春,长春市
长春,长春市
长春,长春市
长春,德惠
长春,长春市
长春,长春市
吉林,吉林市
长春,长春市
长春,长春市
长春,长春市
长春,长春市
长春,榆树
长春,长春市
长春,长春市
长春,长春市
长春,长春市
长春,长春市
长春,长春市
长春,长春市
长春,长春市
长春,长春市
长春,长春市
长春,长春市
长春,长春市
四平,伊通
四平,伊通
通化,柳河
四平,伊通
吉林,吉林市
长春,长春市
长春,长春市
白城,白城市
白城,大安
白城,白城市
白城,白城市
白城,白城市
松原,松原市
长春,长春市
长春,长春市
长春,长春市
长春,长春市
白城,洮南
长春,长春市
长春,长春市
延边,安图
白山,白山市
四平,四平市
松原,松原市
松原,松原市
白城,白城市
长春,榆树
延边,龙井
松原,松原市
白城,白城市
长春,长春市
长春,长春市
白城,白城市
松原,松原市
松原,松原市
白城,大安
白城,大安
长春,长春市
长春,长春市
吉林,吉林市
吉林,吉林市
通化,集安
四平,四平市
吉林,舒兰
吉林,桦甸
吉林,桦甸
长春,长春市
四平,双辽
长春,长春市
白城,洮南
白城,洮南
长春,长春市
长春,长春市
延边,安图
长春,德惠
四平,四平市
长春,长春市
四平,四平市
通化,通化县
四平,四平市
长春,长春市
通化,通化市
白山,临江
白山,临江
长春,长春市
辽源,东丰
辽源,东丰
长春,榆树
延边,延吉市
四平,四平市
延边,延吉市
延边,延吉市
吉林,吉林市
吉林,桦甸
吉林,桦甸
四平,伊通
四平,公主岭
四平,公主岭
四平,伊通
长春,长春市
四平,四平市
四平,四平市
四平,四平市
长春,长春市
长春,长春市
长春,九台
吉林,磐石
吉林,磐石
四平,四平市
四平,四平市
延边,汪清
四平,四平市
长春,长春市
长春,榆树
松原,扶余
松原,扶余
松原,扶余
延边,珲春市
延边,珲春市
长春,长春市
长春,长春市
长春,长春市
延边,珲春市
延边,珲春市
松原,松原市
白城,大安
松原,松原市
白城,大安
通化,梅河口
长春,长春市
四平,双辽
四平,双辽
四平,双辽
长春,长春市
白城,通榆
白城,通榆
长春,长春市
长春,长春市
长春,长春市
长春,长春市
延边,延吉市
延边,延吉市
延边,安图
四平,伊通
四平,伊通
通化,柳河
通化,柳河
通化,柳河
四平,公主岭
四平,公主岭
长春,长春市
长春,长春市
长春,长春市
长春,长春市
长春,长春市
长春,长春市
四平,四平市
吉林,吉林市
吉林,吉林市
长春,长春市
长春,长春市
长春,长春市
长春,长春市
长春,长春市
长春,长春市
四平,公主岭
白山,白山市
白山,白山市
延边,延吉市
延边,延吉市
吉林,蛟河
通化,通化市
松原,松原市
松原,松原市
长春,长春市
通化,辉南
长春,长春市
吉林,吉林市
吉林,吉林市
长春,长春市
长春,长春市
长春,长春市
通化,通化市
吉林,吉林市
长春,长春市
松原,松原市
松原,松原市
长春,长春市
长春,长春市
长春,长春市
长春,长春市
吉林,永吉
吉林,永吉
长春,长春市
通化,辉南
四平,四平市
长春,长春市
长春,长春市
长春,长春市
长春,长春市
长春,长春市
延边,敦化
延边,敦化
长春,长春市
长春,长春市
通化,通化市
四平,四平市
长春,长春市
长春,长春市
延边,延吉市
延边,延吉市
松原,松原市
长春,长春市
长春,长春市
长春,长春市
通化,通化市
吉林,吉林市
吉林,吉林市
长春,长春市
通化,梅河口
长春,长春市
长春,长春市
松原,松原市
松原,松原市
延边,图们
延边,图们
长春,长春市
长春,长春市
长春,长春市
白城,白城市
白城,白城市
长春,长春市
延边,龙井
长春,长春市
长春,长春市
长春,长春市
松原,松原市
松原,松原市
长春,榆树
四平,四平市
长春,农安
长春,农安
长春,农安
吉林,吉林市
吉林,吉林市
长春,长春市
长春,长春市
长春,长春市
长春,长春市
吉林,舒兰
长春,长春市
辽源,辽源市
长春,长春市
长春,长春市
长春,长春市
长春,长春市
长春,长春市
长春,长春市
长春,长春市
长春,农安
长春,长春市
长春,农安
长春,农安
长春,农安
吉林,吉林市
吉林,永吉
四平,四平市
吉林,磐石
吉林,磐石
吉林,吉林市
四平,四平市
通化,梅河口
长春,长春市
长春,长春市
长春,长春市
长春,长春市
长春,长春市
长春,长春市
松原,松原市
松原,松原市
长春,长春市
长春,长春市
长春,农安
长春,农安
长春,长春市
通化,通化县
吉林,吉林市
长春,长春市
长春,长春市
长春,九台
长春,九台
四平,四平市
松原,松原市
长春,长春市
长春,长春市
长春,长春市
长春,长春市
松原,松原市
松原,松原市
吉林,吉林市
吉林,吉林市
吉林,吉林市
长春,德惠
长春,长春市
长春,长春市
四平,四平市
通化,通化市
延边,延吉市
吉林,舒兰
长春,长春市
长春,长春市
通化,通化市
通化,通化市
吉林,吉林市
长春,长春市
长春,榆树
长春,长春市
长春,长春市
吉林,磐石
长春,双阳
长春,长春市
白城,白城市
长春,长春市
吉林,桦甸
长春,九台
长春,长春市
长春,长春市
辽源,辽源市
长春,长春市
松原,扶余
松原,扶余
长春,长春市
长春,长春市
长春,长春市
长春,长春市
长春,双阳
长春,双阳
长春,长春市
长春,长春市
长春,长春市
四平,公主岭
四平,公主岭
通化,通化县
四平,四平市
通化,通化市
通化,通化市
通化,通化市
松原,乾安
松原,乾安
白城,镇赉
四平,公主岭
四平,公主岭
长春,长春市
长春,长春市
长春,长春市
长春,长春市
吉林,吉林市
四平,四平市
四平,四平市
松原,松原市
长春,德惠
长春,德惠
四平,四平市
延边,汪清
延边,汪清
长春,长春市
松原,松原市
松原,松原市
松原,松原市
松原,松原市
长春,长春市
长春,长春市
吉林,吉林市
吉林,吉林市
长春,长春市
长春,长春市
长春,长春市
白城,镇赉
白城,镇赉
白城,白城市
白城,白城市
长春,长春市
延边,汪清
吉林,吉林市
白山,临江
白山,临江
长春,长春市
长春,长春市
长春,长春市
长春,长春市
长春,长春市
吉林,吉林市
吉林,吉林市
长春,长春市
松原,松原市
吉林,吉林市
长春,长春市
延边,敦化
延边,敦化
长春,长春市
通化,梅河口
延边,敦化
长春,长春市
延边,延吉市
延边,延吉市
长春,农安
松原,松原市
四平,四平市
四平,四平市
长春,长春市
白山,抚松
长春,长春市
延边,延吉市
四平,梨树
通化,梅河口
通化,梅河口
长春,长春市
长春,长春市
长春,长春市
延边,图们
延边,图们
长春,长春市
长春,长春市
长春,长春市
长春,长春市
长春,长春市
白城,大安
长春,长春市
长春,长春市
长春,长春市
长春,长春市
长春,长春市
长春,长春市
长春,德惠
长春,长春市
长春,农安
长春,长春市
长春,农安
长春,农安
长春,长春市
长春,长春市
长春,长春市
长春,长春市
松原,松原市
长春,长春市
长春,长春市
长春,长春市
长春,长春市
长春,长春市
松原,松原市
松原,松原市
长春,长春市
长春,长春市
长春,长春市
长春,长春市
长春,长春市
长春,长春市
长春,长春市
长春,长春市
长春,长春市
四平,公主岭
四平,公主岭
长春,长春市
长春,长春市
长春,长春市
四平,四平市
长春,长春市
长春,长春市
长春,长春市
吉林,吉林市
吉林,吉林市
长春,长春市
通化,辉南
长春,长春市
长春,长春市
长春,德惠
长春,长春市
四平,伊通
长春,长春市
长春,长春市
通化,集安
通化,集安
长春,长春市
吉林,吉林市
长春,长春市
长春,长春市
松原,松原市
长春,长春市
长春,长春市
长春,长春市
长春,长春市
长春,长春市
长春,长春市
四平,伊通
长春,长春市
长春,长春市
长春,长春市
长春,长春市
白城,白城市
白城,白城市
白城,白城市
长春,长春市
长春,长春市
长春,长春市
吉林,吉林市
松原,松原市
长春,长春市
长春,长春市
长春,长春市
四平,伊通
四平,伊通
松原,松原市
长春,长春市
长春,长春市
松原,松原市
松原,松原市
四平,伊通
四平,伊通
长春,长春市
长春,长春市
白城,洮南
白城,洮南
通化,梅河口
四平,公主岭
通化,集安
通化,辉南
通化,辉南
白城,白城市
通化,通化市
通化,通化市
长春,长春市
白城,白城市
白城,白城市
白城,白城市
白城,白城市
松原,松原市
白城,白城市
通化,梅河口
白城,白城市
通化,通化市
长春,长春市
松原,松原市
松原,松原市
松原,松原市
白城,白城市
通化,通化市
通化,通化市
白城,白城市
松原,松原市
松原,松原市
松原,松原市
辽源,辽源市
辽源,辽源市
辽源,辽源市
辽源,辽源市
辽源,辽源市
辽源,辽源市
辽源,辽源市
辽源,辽源市
辽源,辽源市
辽源,辽源市
通化,梅河口
通化,辉南
长春,长春市
长春,长春市
通化,通化市
白城,白城市
长春,长春市
长春,长春市
延边,和龙
长春,长春市
松原,松原市
松原,松原市
白城,洮南
长春,双阳
长春,双阳
长春,双阳
长春,双阳
长春,九台
吉林,吉林市
吉林,舒兰
吉林,舒兰
延边,汪清
延边,图们
四平,四平市
四平,四平市
辽源,东丰
长春,长春市
白城,白城市
白城,白城市
白城,白城市
白城,白城市
白城,白城市
白城,白城市
辽源,东辽
延边,图们
吉林,蛟河
长春,长春市
长春,长春市
长春,长春市
长春,长春市
长春,长春市
辽源,辽源市
长春,长春市
长春,长春市
长春,长春市
长春,长春市
长春,长春市
长春,长春市
长春,长春市
长春,长春市
延边,安图
白城,通榆
白城,通榆
白城,通榆
长春,长春市
长春,长春市
长春,长春市
延边,汪清
长春,长春市
四平,公主岭
四平,公主岭
长春,农安
白城,洮南
白城,洮南
吉林,吉林市
吉林,吉林市
长春,长春市
长春,长春市
长春,长春市
延边,敦化
延边,敦化
长春,长春市
延边,安图
延边,汪清
白城,通榆
四平,四平市
四平,四平市
长春,榆树
长春,长春市
四平,四平市
延边,延吉市
延边,延吉市
四平,四平市
延边,图们
长春,长春市
长春,长春市
延边,安图
吉林,吉林市
四平,四平市
长春,长春市
长春,长春市
长春,长春市
延边,敦化
白山,江源
白山,抚松
吉林,吉林市
白城,通榆
白城,通榆
白城,通榆
白城,通榆
长春,长春市
长春,长春市
长春,长春市
通化,梅河口
通化,梅河口
吉林,吉林市
长春,长春市
长春,长春市
长春,长春市
长春,长春市
长春,长春市
长春,长春市
松原,松原市
松原,松原市
松原,松原市
松原,松原市
长春,农安
长春,农安
长春,长春市
长春,长春市
长春,长春市
长春,长春市
长春,长春市
长春,长春市
吉林,吉林市
通化,通化县
长春,长春市
四平,四平市
四平,四平市
长春,长春市
长春,长春市
长春,长春市
长春,九台
长春,九台
长春,农安
吉林,吉林市
延边,汪清
通化,辉南
白城,白城市
白城,白城市
长春,长春市
长春,长春市
长春,长春市
白山,白山市
白山,白山市
长春,长春市
通化,通化市
长春,长春市
白城,洮南
白城,洮南
长春,长春市
长春,长春市
松原,松原市
长春,长春市
长春,长春市
长春,农安
长春,榆树
长春,榆树
长春,榆树
长春,榆树
长春,长春市
长春,长春市
延边,汪清
长春,长春市
四平,梨树
长春,长春市
辽源,辽源市
长春,长春市
长春,长春市
松原,松原市
松原,松原市
四平,四平市
通化,柳河
通化,柳河
通化,柳河
长春,长春市
四平,四平市
长春,长春市
四平,公主岭
四平,公主岭
长春,德惠
长春,德惠
长春,德惠
延边,敦化
延边,敦化
吉林,吉林市
长春,长春市
通化,柳河
长春,长春市
长春,长春市
通化,辉南
通化,辉南
长春,长春市
长春,长春市
白城,洮南
白城,洮南
延边,安图
延边,安图
长春,长春市
长春,长春市
长春,长春市
四平,梨树
四平,梨树
长春,长春市
长春,九台
长春,九台
吉林,舒兰
长春,长春市
四平,伊通
长春,长春市
长春,长春市
长春,长春市
长春,长春市
长春,长春市
长春,长春市
延边,延吉市
延边,延吉市
延边,龙井
延边,延吉市
延边,延吉市
吉林,永吉
长春,长春市
长春,长春市
长春,长春市
长春,长春市
吉林,吉林市
吉林,吉林市
吉林,吉林市
吉林,吉林市
吉林,吉林市
辽源,东丰
吉林,磐石
吉林,磐石
吉林,吉林市
延边,汪清
辽源,辽源市
长春,长春市
延边,敦化
延边,敦化
长春,长春市
吉林,吉林市
吉林,吉林市
白城,洮南
白城,洮南
白山,江源
吉林,吉林市
长春,长春市
吉林,磐石
吉林,吉林市
吉林,吉林市
白山,白山市
通化,通化市
通化,通化市
通化,通化市
吉林,吉林市
吉林,吉林市
吉林,吉林市
长春,长春市
吉林,吉林市
四平,四平市
吉林,吉林市
吉林,吉林市
吉林,吉林市
延边,延吉市
延边,延吉市
长春,长春市
长春,长春市
长春,长春市
长春,长春市
通化,通化市
长春,长春市
白山,白山市
白山,白山市
长春,长春市
长春,长春市
长春,长春市
长春,长春市
长春,长春市
长春,长春市
长春,长春市
长春,长春市
长春,长春市
通化,通化市
长春,长春市
长春,长春市
长春,长春市
长春,长春市
长春,长春市
长春,长春市
长春,长春市
长春,长春市
长春,长春市
长春,长春市
长春,长春市
辽源,辽源市
长春,长春市
长春,长春市
长春,长春市
长春,长春市
长春,长春市
长春,长春市
长春,长春市
长春,长春市
长春,长春市
长春,长春市
长春,长春市
长春,长春市
长春,榆树
长春,榆树
长春,榆树
通化,梅河口
吉林,磐石
长春,长春市
长春,长春市
长春,长春市
长春,长春市
长春,长春市
长春,长春市
长春,长春市
长春,长春市
长春,长春市
长春,长春市
长春,长春市
长春,长春市
长春,长春市
长春,长春市
白城,镇赉
长春,长春市
长春,长春市
长春,长春市
长春,长春市
长春,长春市
长春,长春市
长春,长春市
长春,长春市
长春,长春市
长春,长春市
长春,长春市
长春,长春市
长春,长春市
长春,长春市
长春,长春市
长春,长春市
长春,长春市
四平,四平市
长春,长春市
吉林,桦甸
吉林,桦甸
四平,四平市
长春,长春市
长春,长春市
长春,长春市
吉林,吉林市
长春,长春市
长春,长春市
长春,长春市
四平,伊通
四平,四平市
四平,伊通
长春,德惠
长春,德惠
长春,农安
长春,农安
通化,柳河
通化,柳河
吉林,吉林市
长春,长春市
白山,白山市
四平,梨树
长春,长春市
长春,长春市
长春,长春市
长春,长春市
通化,通化市
长春,农安
长春,农安
吉林,吉林市
长春,长春市
长春,长春市
长春,长春市
长春,双阳
吉林,吉林市
长春,长春市
长春,长春市
长春,长春市
长春,长春市
长春,九台
长春,长春市
松原,松原市
长春,九台
长春,长春市
长春,长春市
长春,长春市
长春,长春市
长春,长春市
长春,长春市
长春,长春市
长春,长春市
辽源,东丰
辽源,东丰
延边,延吉市
延边,延吉市
吉林,吉林市
吉林,吉林市
延边,敦化
吉林,吉林市
吉林,吉林市
延边,珲春市
长春,长春市
延边,敦化
白城,洮南
白城,洮南
白城,洮南
通化,梅河口
吉林,桦甸
长春,长春市
长春,长春市
长春,长春市
白山,白山市
白城,镇赉
长春,榆树
白山,江源
延边,延吉市
延边,延吉市
长春,长春市
长春,农安
长春,长春市
四平,梨树
四平,四平市
长春,长春市
延边,延吉市
长春,长春市
吉林,吉林市
吉林,吉林市
吉林,吉林市
延边,和龙
延边,和龙
四平,四平市
吉林,吉林市
长春,长春市
长春,农安
长春,长春市
通化,通化市
长春,九台
延边,图们
延边,图们
四平,梨树
四平,梨树
长春,长春市
长春,榆树
长春,长春市
白城,白城市
白城,白城市
吉林,吉林市
延边,敦化
延边,敦化
延边,敦化
延边,敦化
长春,长春市
白城,镇赉
长春,长春市
长春,长春市
松原,松原市
长春,德惠
通化,集安
白城,镇赉
长春,榆树
长春,长春市
长春,农安
延边,延吉市
延边,延吉市
长春,长春市
长春,长春市
长春,长春市
长春,长春市
长春,长春市
长春,长春市
长春,长春市
四平,四平市
吉林,吉林市
吉林,吉林市
长春,长春市
长春,长春市
长春,榆树
白山,靖宇
白山,白山市
白山,靖宇
白山,白山市
长春,长春市
长春,长春市
通化,辉南
长春,长春市
吉林,吉林市
吉林,吉林市
松原,松原市
松原,松原市
长春,长春市
长春,长春市
长春,长春市
白城,白城市
白城,白城市
长春,长春市
长春,长春市
长春,长春市
吉林,吉林市
长春,长春市
长春,长春市
延边,敦化
长春,德惠
长春,德惠
长春,长春市
延边,珲春市
延边,珲春市
吉林,吉林市
吉林,吉林市
长春,长春市
长春,长春市
长春,长春市
白山,白山市
白山,白山市
长春,长春市
延边,图们
白城,镇赉
白城,镇赉
白城,镇赉
长春,长春市
长春,长春市
长春,长春市
长春,长春市
白城,大安
长春,九台
长春,长春市
延边,图们
长春,长春市
长春,长春市
四平,梨树
四平,梨树
四平,伊通
长春,长春市
长春,长春市
长春,长春市
四平,公主岭
长春,长春市
吉林,磐石
吉林,磐石
吉林,磐石
长春,长春市
长春,长春市
长春,长春市
长春,长春市
松原,松原市
长春,长春市
延边,延吉市
长春,长春市
长春,长春市
松原,松原市
长春,长春市
长春,长春市
长春,长春市
四平,伊通
四平,梨树
四平,梨树
四平,伊通
四平,伊通
四平,伊通
四平,梨树
四平,梨树
白山,白山市
四平,公主岭
长春,农安
长春,德惠
长春,德惠
长春,德惠
白山,临江
白城,白城市
白城,白城市
白城,大安
长春,长春市
长春,长春市
白城,洮南
白城,洮南
通化,梅河口
通化,梅河口
通化,梅河口
松原,松原市
长春,长春市
白山,白山市
白山,白山市
白山,白山市
白山,白山市
长春,长春市
长春,长春市
松原,松原市
长春,长春市
长春,长春市
长春,长春市
长春,长春市
长春,长春市
白城,白城市
长春,长春市
吉林,永吉
四平,梨树
四平,梨树
白城,白城市
白城,白城市
四平,四平市
松原,松原市
松原,松原市
吉林,吉林市
长春,长春市
四平,四平市
四平,四平市
延边,敦化
延边,敦化
通化,通化县
四平,四平市
吉林,吉林市
长春,九台
长春,长春市
长春,德惠
长春,农安
长春,农安
辽源,辽源市
辽源,辽源市
辽源,辽源市
长春,长春市
长春,长春市
辽源,辽源市
辽源,辽源市
长春,长春市
长春,榆树
长春,德惠
长春,德惠
吉林,吉林市
长春,农安
长春,长春市
长春,长春市
长春,长春市
长春,长春市
通化,通化市
通化,通化市
通化,通化市
吉林,吉林市
通化,柳河
通化,柳河
通化,柳河
白城,洮南
长春,长春市
辽源,辽源市
辽源,辽源市
白城,洮南
白城,洮南
长春,长春市
白山,抚松
长春,长春市
吉林,舒兰
长春,长春市
长春,长春市
长春,长春市
长春,长春市
白城,白城市
长春,长春市
四平,公主岭
四平,公主岭
四平,四平市
白城,白城市
白城,白城市
松原,长岭
松原,长岭
长春,长春市
吉林,吉林市
延边,汪清
长春,农安
长春,长春市
长春,长春市
通化,通化市
通化,通化市
长春,德惠
松原,松原市
松原,松原市
吉林,吉林市
长春,长春市
白山,抚松
白城,大安
白城,大安
白城,大安
长春,长春市
延边,敦化
长春,长春市
白山,靖宇
白山,靖宇
长春,榆树
长春,榆树
长春,长春市
长春,长春市
长春,长春市
吉林,吉林市
长春,长春市
长春,长春市
白城,镇赉
白城,镇赉
白城,镇赉
辽源,东丰
辽源,东辽
四平,四平市
吉林,吉林市
延边,图们
长春,长春市
长春,长春市
长春,长春市
长春,农安
长春,农安
长春,农安
长春,长春市
长春,长春市
长春,德惠
长春,德惠
四平,四平市
四平,伊通
四平,伊通
四平,伊通
四平,伊通
四平,伊通
四平,伊通
白山,白山市
吉林,吉林市
吉林,吉林市
四平,四平市
长春,榆树
长春,榆树
长春,榆树
吉林,吉林市
长春,长春市
四平,双辽
四平,双辽
四平,双辽
长春,长春市
松原,长岭
通化,柳河
吉林,吉林市
长春,长春市
长春,九台
长春,长春市
四平,伊通
四平,伊通
吉林,蛟河
吉林,蛟河
四平,四平市
四平,四平市
延边,延吉市
延边,延吉市
延边,延吉市
四平,四平市
四平,四平市
白城,白城市
延边,延吉市
延边,延吉市
长春,长春市
长春,长春市
长春,长春市
吉林,舒兰
长春,长春市
松原,松原市
松原,松原市
长春,长春市
长春,长春市
通化,梅河口
通化,梅河口
通化,梅河口
通化,梅河口
通化,梅河口
通化,梅河口
长春,长春市
四平,四平市
长春,长春市
四平,双辽
白城,白城市
长春,长春市
通化,通化市
白城,白城市
白城,白城市
四平,四平市
长春,长春市
四平,伊通
四平,伊通
延边,敦化
延边,敦化
四平,公主岭
四平,公主岭
吉林,吉林市
吉林,吉林市
四平,梨树
四平,梨树
四平,梨树
长春,长春市
延边,敦化
长春,长春市
白山,抚松
白山,长白
白山,长白
长春,长春市
长春,长春市
延边,敦化
延边,敦化
长春,长春市
长春,长春市
松原,松原市
松原,长岭
长春,长春市
长春,长春市
四平,梨树
四平,梨树
四平,梨树
长春,长春市
长春,长春市
吉林,吉林市
四平,梨树
四平,梨树
四平,梨树
长春,长春市
白城,通榆
白城,通榆
白城,通榆
白城,通榆
白城,通榆
松原,松原市
松原,松原市
长春,长春市
白城,洮南
白城,洮南
白城,洮南
吉林,吉林市
吉林,吉林市
吉林,吉林市
长春,长春市
长春,长春市
长春,长春市
长春,长春市
长春,长春市
松原,乾安
松原,乾安
延边,延吉市
长春,长春市
长春,长春市
吉林,吉林市
长春,长春市
松原,长岭
松原,长岭
长春,长春市
延边,珲春市
延边,珲春市
白山,临江
白城,镇赉
白城,镇赉
白城,镇赉
长春,长春市
长春,长春市
长春,长春市
长春,长春市
长春,榆树
长春,榆树
长春,榆树
延边,敦化
延边,敦化
通化,通化市
长春,长春市
长春,长春市
长春,长春市
长春,长春市
吉林,吉林市
吉林,吉林市
吉林,吉林市
通化,通化市
长春,长春市
通化,通化市
四平,公主岭
四平,公主岭
吉林,吉林市
吉林,吉林市
吉林,吉林市
长春,长春市
长春,长春市
长春,长春市
长春,长春市
长春,长春市
吉林,吉林市
松原,松原市
松原,松原市
松原,松原市
松原,松原市
长春,长春市
延边,安图
白山,江源
白山,江源
长春,长春市
吉林,吉林市
吉林,吉林市
长春,长春市
四平,四平市
四平,公主岭
四平,公主岭
长春,长春市
长春,长春市
长春,长春市
长春,农安
松原,松原市
松原,松原市
通化,通化市
白城,白城市
白城,白城市
长春,长春市
白城,大安
白城,大安
白山,白山市
白山,白山市
白山,白山市
白山,白山市
白山,白山市
白山,白山市
白山,白山市
白山,白山市
白山,白山市
白山,白山市
长春,德惠
长春,长春市
长春,德惠
长春,德惠
吉林,吉林市
松原,松原市
松原,松原市
延边,延吉市
白山,白山市
白山,白山市
四平,梨树
四平,梨树
长春,长春市
四平,梨树
四平,梨树
四平,双辽
四平,双辽
四平,双辽
四平,双辽
四平,双辽
四平,双辽
四平,双辽
长春,长春市
吉林,吉林市
长春,长春市
长春,长春市
白山,白山市
白山,白山市
松原,松原市
松原,乾安
松原,乾安
吉林,吉林市
长春,长春市
长春,长春市
通化,柳河
通化,柳河
通化,通化市
吉林,吉林市
长春,德惠
松原,扶余
松原,松原市
长春,长春市
四平,四平市
四平,四平市
长春,长春市
长春,长春市
长春,长春市
长春,长春市
吉林,舒兰
吉林,舒兰
长春,长春市
长春,长春市
长春,长春市
吉林,吉林市
白山,临江
四平,公主岭
四平,公主岭
四平,公主岭
四平,公主岭
吉林,吉林市
吉林,吉林市
通化,通化市
延边,汪清
长春,长春市
长春,长春市
长春,长春市
白山,江源
白山,江源
四平,四平市
长春,长春市
长春,长春市
吉林,吉林市
吉林,吉林市
长春,长春市
四平,梨树
四平,梨树
长春,长春市
长春,长春市
白城,通榆
长春,长春市
吉林,吉林市
吉林,吉林市
长春,长春市
长春,长春市
长春,长春市
延边,延吉市
吉林,吉林市
吉林,吉林市
长春,长春市
长春,长春市
长春,长春市
长春,长春市
长春,九台
吉林,吉林市
吉林,吉林市
辽源,东丰
长春,榆树
长春,榆树
长春,榆树
长春,长春市
白城,通榆
长春,长春市
松原,松原市
松原,松原市
四平,四平市
长春,长春市
四平,梨树
长春,长春市
长春,长春市
长春,长春市
长春,长春市
四平,四平市
长春,长春市
长春,长春市
长春,长春市
长春,长春市
四平,四平市
四平,伊通
四平,伊通
吉林,吉林市
辽源,东丰
吉林,舒兰
长春,长春市
长春,长春市
长春,长春市
长春,长春市
长春,长春市
吉林,吉林市
四平,公主岭
四平,公主岭
吉林,吉林市
四平,四平市
白城,大安
白城,大安
白城,白城市
长春,长春市
长春,长春市
长春,长春市
长春,长春市
长春,长春市
长春,长春市
通化,通化市
吉林,吉林市
辽源,辽源市
长春,长春市
白山,白山市
长春,榆树
吉林,舒兰
四平,公主岭
四平,公主岭
通化,集安
长春,长春市
四平,四平市
四平,四平市
长春,长春市
长春,长春市
吉林,吉林市
辽源,东丰
辽源,东丰
辽源,东辽
长春,榆树
通化,通化市
通化,通化市
延边,敦化
延边,敦化
延边,敦化
延边,敦化
长春,长春市
白山,抚松
白山,抚松
长春,长春市
长春,长春市
四平,公主岭
通化,通化市
延边,延吉市
延边,延吉市
通化,通化市
长春,长春市
四平,公主岭
四平,公主岭
长春,长春市
长春,榆树
长春,榆树
长春,榆树
长春,榆树
通化,通化县
白山,靖宇
白山,靖宇
白山,靖宇
四平,四平市
四平,四平市
四平,四平市
四平,公主岭
四平,公主岭
松原,扶余
松原,扶余
延边,敦化
延边,敦化
延边,敦化
延边,敦化
长春,长春市
长春,长春市
吉林,吉林市
长春,农安
长春,农安
长春,农安
长春,农安
长春,长春市
长春,长春市
长春,长春市
长春,长春市
松原,乾安
松原,乾安
长春,长春市
长春,长春市
延边,敦化
四平,四平市
四平,四平市
长春,榆树
长春,长春市
辽源,东丰
白城,白城市
白城,白城市
四平,四平市
四平,四平市
四平,四平市
四平,四平市
四平,四平市
辽源,东丰
长春,长春市
长春,长春市
四平,公主岭
白山,白山市
白山,白山市
长春,长春市
长春,长春市
长春,长春市
延边,安图
延边,安图
长春,长春市
长春,长春市
长春,长春市
四平,四平市
四平,四平市
长春,长春市
长春,榆树
长春,榆树
长春,榆树
长春,榆树
长春,长春市
四平,公主岭
长春,长春市
通化,柳河
长春,长春市
长春,长春市
通化,集安
通化,通化市
四平,四平市
白山,白山市
白山,白山市
四平,公主岭
长春,长春市
长春,长春市
长春,长春市
四平,公主岭
通化,柳河
通化,柳河
通化,柳河
长春,榆树
长春,榆树
长春,榆树
长春,榆树
长春,长春市
通化,通化市
白城,大安
长春,农安
四平,梨树
四平,梨树
长春,长春市
长春,长春市
松原,松原市
通化,集安
通化,集安
延边,敦化
松原,松原市
长春,长春市
长春,长春市
长春,长春市
松原,松原市
四平,四平市
长春,长春市
长春,长春市
长春,长春市
松原,松原市
长春,长春市
松原,松原市
松原,松原市
四平,四平市
白山,江源
长春,长春市
长春,长春市
长春,长春市
长春,长春市
长春,长春市
长春,长春市
长春,长春市
长春,长春市
长春,长春市
长春,长春市
吉林,吉林市
辽源,东丰
辽源,东丰
长春,长春市
长春,长春市
四平,梨树
四平,梨树
四平,梨树
长春,长春市
长春,长春市
长春,长春市
长春,长春市
长春,长春市
长春,长春市
四平,伊通
长春,长春市
吉林,吉林市
通化,通化市
长春,长春市
长春,长春市
长春,长春市
长春,长春市
长春,长春市
通化,柳河
长春,榆树
通化,辉南
长春,长春市
延边,延吉市
延边,和龙
延边,延吉市
延边,延吉市
延边,延吉市
通化,梅河口
通化,通化市
长春,长春市
长春,长春市
白山,江源
长春,长春市
长春,长春市
长春,长春市
长春,长春市
通化,通化市
通化,通化市
通化,通化市
长春,长春市
四平,伊通
白山,抚松
通化,梅河口
长春,长春市
长春,德惠
长春,德惠
长春,德惠
长春,德惠
松原,松原市
松原,松原市
松原,松原市
辽源,辽源市
松原,松原市
四平,双辽
四平,双辽
四平,双辽
四平,双辽
四平,双辽
长春,长春市
四平,伊通
白山,江源
白山,江源
长春,长春市
长春,长春市
长春,长春市
长春,长春市
长春,长春市
长春,长春市
长春,长春市
长春,长春市
松原,松原市
四平,伊通
松原,扶余
松原,扶余
长春,长春市
四平,梨树
四平,梨树
四平,梨树
松原,扶余
松原,扶余
松原,松原市
白山,长白
长春,长春市
吉林,舒兰
长春,长春市
长春,长春市
长春,长春市
四平,公主岭
松原,松原市
松原,松原市
通化,通化县
吉林,舒兰
吉林,舒兰
松原,长岭
松原,长岭
长春,长春市
吉林,桦甸
长春,长春市
长春,长春市
长春,长春市
松原,松原市
松原,松原市
松原,松原市
松原,松原市
长春,长春市
长春,长春市
长春,榆树
长春,长春市
长春,长春市
长春,德惠
长春,长春市
四平,四平市
四平,四平市
吉林,吉林市
吉林,吉林市
白山,靖宇
延边,汪清
长春,德惠
长春,农安
长春,农安
长春,九台
松原,松原市
延边,敦化
长春,榆树
吉林,吉林市
四平,公主岭
四平,公主岭
延边,延吉市
吉林,蛟河
吉林,蛟河
长春,农安
四平,四平市
白城,通榆
长春,长春市
长春,长春市
吉林,永吉
吉林,永吉
通化,通化市
通化,通化市
长春,农安
长春,农安
白城,通榆
白城,通榆
长春,长春市
四平,公主岭
长春,长春市
长春,长春市
长春,长春市
吉林,吉林市
吉林,吉林市
吉林,吉林市
长春,长春市
长春,长春市
长春,长春市
松原,松原市
长春,长春市
长春,长春市
长春,长春市
长春,长春市
吉林,吉林市
吉林,吉林市
长春,长春市
长春,双阳
四平,四平市
四平,四平市
吉林,蛟河
吉林,蛟河
吉林,吉林市
吉林,吉林市
吉林,吉林市
通化,集安
白山,临江
白山,临江
白山,靖宇
白山,靖宇
白山,靖宇
长春,长春市
白城,洮南
白城,洮南
吉林,吉林市
吉林,吉林市
吉林,舒兰
吉林,舒兰
四平,伊通
长春,榆树
长春,榆树
长春,榆树
吉林,磐石
白山,靖宇
白山,靖宇
辽源,辽源市
吉林,吉林市
吉林,吉林市
通化,集安
长春,长春市
白山,白山市
白山,白山市
四平,公主岭
长春,长春市
长春,长春市
通化,梅河口
通化,梅河口
白城,通榆
白城,通榆
白城,通榆
白城,通榆
白城,通榆
通化,梅河口
白城,通榆
白城,通榆
白城,通榆
延边,龙井
四平,四平市
四平,伊通
松原,松原市
松原,松原市
白城,白城市
白城,白城市
辽源,辽源市
辽源,东丰
辽源,东丰
四平,四平市
白山,抚松
白山,抚松
白山,抚松
延边,汪清
通化,梅河口
通化,梅河口
松原,松原市
松原,松原市
吉林,吉林市
白山,抚松
白山,抚松
长春,长春市
吉林,吉林市
吉林,吉林市
辽源,辽源市
长春,长春市
长春,长春市
长春,德惠
松原,扶余
吉林,吉林市
吉林,吉林市
长春,长春市
长春,长春市
长春,长春市
长春,长春市
长春,榆树
长春,榆树
长春,榆树
长春,榆树
延边,延吉市
延边,延吉市
延边,延吉市
延边,延吉市
长春,长春市
长春,长春市
四平,公主岭
长春,长春市
吉林,吉林市
长春,长春市
长春,长春市
吉林,吉林市
吉林,磐石
吉林,磐石
长春,长春市
长春,长春市
长春,长春市
长春,长春市
吉林,吉林市
吉林,吉林市
长春,长春市
长春,长春市
长春,长春市
长春,长春市
长春,长春市
长春,长春市
长春,长春市
通化,通化县
通化,通化县
长春,长春市
长春,长春市
长春,长春市
长春,长春市
长春,长春市
长春,长春市
松原,松原市
吉林,吉林市
四平,公主岭
吉林,吉林市
四平,伊通
白城,洮南
吉林,吉林市
吉林,吉林市
长春,长春市
长春,长春市
长春,长春市
四平,四平市
四平,四平市
通化,集安
白山,临江
白山,临江
四平,伊通
四平,伊通
长春,长春市
四平,四平市
四平,四平市
通化,通化市
通化,通化市
通化,通化市
长春,长春市
通化,通化市
长春,长春市
长春,长春市
长春,长春市
长春,长春市
松原,乾安
松原,乾安
白城,通榆
白城,通榆
长春,长春市
长春,长春市
吉林,吉林市
吉林,吉林市
四平,公主岭
松原,松原市
松原,松原市
长春,长春市
松原,松原市
松原,松原市
长春,长春市
长春,长春市
吉林,蛟河
吉林,吉林市
吉林,吉林市
吉林,吉林市
吉林,吉林市
长春,长春市
长春,长春市
长春,长春市
长春,长春市
长春,长春市
长春,长春市
长春,长春市
长春,长春市
长春,长春市
长春,长春市
吉林,蛟河
长春,长春市
四平,梨树
长春,长春市
长春,长春市
长春,长春市
长春,长春市
长春,长春市
长春,长春市
长春,长春市
长春,长春市
长春,长春市
长春,长春市
长春,长春市
吉林,舒兰
吉林,舒兰
吉林,舒兰
长春,长春市
长春,长春市
白山,临江
长春,长春市
长春,长春市
长春,长春市
长春,长春市
长春,长春市
长春,榆树
长春,榆树
长春,榆树
长春,榆树
长春,榆树
长春,长春市
延边,汪清
长春,长春市
长春,长春市
长春,长春市
四平,公主岭
松原,松原市
松原,松原市
长春,长春市
松原,松原市
松原,松原市
延边,延吉市
长春,长春市
长春,德惠
长春,德惠
长春,德惠
辽源,辽源市
长春,长春市
白山,临江
长春,长春市
长春,农安
长春,长春市
长春,农安
长春,长春市
长春,九台
松原,松原市
长春,长春市
白城,镇赉
白城,镇赉
长春,长春市
长春,长春市
通化,通化市
吉林,吉林市
长春,长春市
长春,长春市
长春,长春市
长春,长春市
长春,长春市
长春,长春市
长春,榆树
长春,榆树
长春,榆树
长春,榆树
长春,榆树
长春,农安
长春,农安
长春,农安
吉林,吉林市
吉林,吉林市
吉林,吉林市
长春,长春市
吉林,舒兰
延边,汪清
松原,松原市
松原,松原市
松原,松原市
长春,长春市
长春,长春市
白城,镇赉
长春,长春市
长春,长春市
长春,长春市
长春,长春市
长春,长春市
长春,长春市
延边,汪清
长春,长春市
长春,长春市
长春,长春市
吉林,吉林市
延边,延吉市
延边,延吉市
延边,延吉市
延边,延吉市
长春,长春市
长春,长春市
长春,长春市
通化,通化市
延边,安图
吉林,吉林市
通化,通化市
长春,长春市
吉林,磐石
吉林,磐石
长春,九台
长春,九台
长春,长春市
通化,通化市
松原,长岭
松原,长岭
四平,伊通
四平,伊通
白城,洮南
长春,长春市
长春,长春市
长春,长春市
长春,长春市
长春,长春市
通化,通化市
白山,靖宇
长春,长春市
长春,长春市
长春,长春市
长春,长春市
长春,长春市
吉林,吉林市
辽源,辽源市
吉林,吉林市
吉林,磐石
吉林,磐石
吉林,磐石
吉林,磐石
吉林,磐石
长春,长春市
吉林,吉林市
四平,公主岭
吉林,吉林市
松原,松原市
长春,长春市
长春,长春市
长春,长春市
长春,长春市
四平,公主岭
长春,长春市
吉林,吉林市
通化,通化市
长春,长春市
长春,长春市
四平,双辽
四平,双辽
四平,双辽
吉林,吉林市
吉林,吉林市
吉林,吉林市
长春,长春市
长春,长春市
长春,长春市
长春,长春市
长春,长春市
吉林,吉林市
长春,长春市
通化,通化市
白城,大安
白山,长白
延边,延吉市
长春,长春市
吉林,舒兰
吉林,舒兰
长春,九台
长春,九台
四平,公主岭
长春,长春市
长春,长春市
长春,长春市
通化,梅河口
通化,梅河口
通化,梅河口
四平,梨树
四平,梨树
长春,长春市
四平,双辽
长春,长春市
长春,长春市
通化,辉南
通化,辉南
长春,长春市
四平,公主岭
白山,靖宇
四平,梨树
长春,长春市
吉林,吉林市
通化,通化市
长春,长春市
长春,长春市
长春,长春市
长春,长春市
四平,公主岭
吉林,桦甸
白山,白山市
吉林,吉林市
吉林,吉林市
吉林,吉林市
四平,公主岭
吉林,吉林市
四平,梨树
白山,江源
白山,江源
延边,延吉市
长春,长春市
四平,公主岭
长春,长春市
通化,梅河口
通化,梅河口
四平,公主岭
延边,延吉市
延边,延吉市
长春,长春市
长春,长春市
吉林,吉林市
白城,白城市
白城,白城市
四平,伊通
白山,白山市
白山,白山市
吉林,吉林市
吉林,吉林市
吉林,吉林市
延边,延吉市
延边,延吉市
吉林,吉林市
吉林,吉林市
吉林,吉林市
吉林,吉林市
四平,伊通
长春,长春市
长春,长春市
四平,四平市
长春,长春市
白城,通榆
白城,通榆
白城,洮南
白城,洮南
白山,长白
长春,长春市
松原,长岭
松原,长岭
吉林,舒兰
吉林,舒兰
吉林,舒兰
白城,通榆
延边,图们
通化,通化市
通化,梅河口
长春,长春市
延边,汪清
长春,长春市
长春,长春市
长春,长春市
吉林,吉林市
长春,长春市
长春,长春市
通化,通化市
白城,大安
长春,长春市
长春,长春市
长春,长春市
长春,长春市
吉林,吉林市
松原,松原市
延边,延吉市
吉林,吉林市
长春,长春市
长春,长春市
长春,长春市
四平,双辽
长春,长春市
白城,通榆
白城,通榆
四平,公主岭
长春,长春市
长春,长春市
长春,长春市
长春,长春市
长春,长春市
吉林,吉林市
长春,长春市
通化,通化市
通化,通化市
通化,通化市
长春,长春市
吉林,吉林市
吉林,吉林市
长春,榆树
长春,榆树
长春,榆树
长春,榆树
长春,榆树
长春,长春市
长春,长春市
长春,长春市
长春,长春市
白城,白城市
白城,白城市
长春,长春市
四平,四平市
辽源,东辽
长春,长春市
松原,松原市
松原,长岭
长春,长春市
长春,长春市
长春,长春市
长春,榆树
长春,榆树
长春,长春市
长春,长春市
延边,延吉市
延边,延吉市
长春,长春市
长春,长春市
长春,长春市
长春,长春市
长春,榆树
松原,松原市
松原,松原市
长春,长春市
四平,四平市
四平,四平市
四平,公主岭
四平,梨树
四平,四平市
长春,长春市
四平,四平市
长春,长春市
通化,通化市
长春,长春市
四平,四平市
长春,长春市
长春,长春市
长春,长春市
长春,长春市
白山,抚松
吉林,吉林市
松原,松原市
白山,江源
四平,公主岭
长春,长春市
松原,松原市
松原,松原市
长春,长春市
吉林,吉林市
吉林,吉林市
通化,通化市
长春,长春市
四平,公主岭
通化,通化市
四平,梨树
白山,抚松
白山,抚松
白山,抚松
白山,抚松
通化,通化市
延边,敦化
延边,敦化
白山,抚松
延边,敦化
长春,长春市
长春,长春市
长春,长春市
长春,长春市
长春,长春市
长春,长春市
长春,长春市
长春,长春市
长春,长春市
长春,长春市
长春,长春市
松原,松原市
长春,长春市
延边,敦化
长春,长春市
通化,柳河
通化,柳河
通化,柳河
吉林,磐石
长春,长春市
松原,松原市
白城,洮南
白城,洮南
长春,长春市
四平,梨树
长春,长春市
长春,长春市
长春,长春市
长春,长春市
通化,通化市
长春,长春市
长春,长春市
松原,乾安
松原,乾安
通化,通化市
通化,通化市
通化,通化市
四平,公主岭
四平,公主岭
长春,长春市
长春,榆树
长春,榆树
长春,榆树
长春,榆树
长春,榆树
长春,榆树
吉林,吉林市
四平,伊通
四平,伊通
松原,松原市
松原,松原市
松原,松原市
松原,松原市
松原,松原市
延边,珲春市
白城,大安
长春,长春市
松原,松原市
松原,松原市
松原,松原市
长春,长春市
长春,长春市
长春,长春市
长春,长春市
长春,长春市
吉林,吉林市
松原,松原市
长春,长春市
四平,伊通
长春,长春市
长春,长春市
长春,长春市
白城,白城市
长春,长春市
白城,白城市
长春,长春市
长春,长春市
长春,长春市
长春,长春市
长春,长春市
长春,长春市
长春,长春市
通化,通化市
长春,长春市
长春,长春市
长春,长春市
四平,公主岭
四平,公主岭
四平,公主岭
辽源,东辽
辽源,辽源市
吉林,桦甸
吉林,桦甸
长春,德惠
白城,白城市
白城,白城市
四平,伊通
四平,伊通
长春,榆树
长春,长春市
延边,延吉市
延边,延吉市
长春,长春市
延边,安图
吉林,舒兰
辽源,东辽
松原,松原市
松原,松原市
延边,珲春市
通化,辉南
通化,辉南
吉林,吉林市
吉林,吉林市
白山,长白
通化,柳河
长春,长春市
吉林,吉林市
长春,九台
吉林,吉林市
白城,通榆
白城,通榆
白城,白城市
长春,长春市
延边,安图
延边,安图
白山,抚松
白山,抚松
长春,榆树
吉林,吉林市
长春,长春市
长春,长春市
辽源,东丰
辽源,东丰
辽源,东丰
延边,延吉市
延边,延吉市
松原,松原市
松原,扶余
吉林,磐石
吉林,磐石
吉林,磐石
通化,辉南
通化,辉南
松原,松原市
白山,抚松
吉林,吉林市
吉林,吉林市
长春,长春市
四平,梨树
四平,梨树
长春,农安
长春,农安
白城,洮南
白城,洮南
四平,伊通
延边,延吉市
通化,通化市
通化,通化市
吉林,吉林市
吉林,吉林市
吉林,吉林市
吉林,吉林市
吉林,吉林市
辽源,东丰
延边,和龙
延边,和龙
吉林,吉林市
吉林,吉林市
吉林,吉林市
吉林,吉林市
延边,安图
延边,安图
通化,柳河
白山,白山市
白山,白山市
白山,靖宇
白山,靖宇
白山,靖宇
白山,靖宇
白城,洮南
白城,洮南
通化,通化县
通化,通化县
通化,通化县
通化,通化县
吉林,吉林市
通化,梅河口
长春,长春市
长春,长春市
白山,临江
白山,临江
四平,四平市
长春,长春市
四平,公主岭
四平,公主岭
吉林,吉林市
辽源,东丰
辽源,东丰
辽源,东丰
通化,梅河口
通化,梅河口
通化,通化市
长春,农安
长春,农安
长春,农安
长春,德惠
长春,长春市
长春,长春市
白山,江源
白山,江源
白山,江源
白山,江源
白山,江源
白山,江源
白山,江源
长春,长春市
白城,洮南
白城,洮南
白城,白城市
松原,松原市
白城,洮南
白城,洮南
白城,白城市
长春,双阳
长春,双阳
长春,长春市
延边,延吉市
长春,长春市
白城,白城市
白城,白城市
吉林,吉林市
白城,白城市
吉林,吉林市
长春,长春市
长春,长春市
松原,松原市
松原,松原市
四平,梨树
吉林,吉林市
白山,白山市
白山,白山市
通化,柳河
长春,长春市
四平,四平市
四平,梨树
四平,梨树
长春,九台
白城,白城市
白城,白城市
辽源,东辽
白山,长白
白山,长白
白山,长白
白山,长白
白山,长白
白山,长白
白山,长白
长春,长春市
松原,松原市
松原,松原市
四平,伊通
四平,伊通
白城,白城市
白城,白城市
四平,四平市
长春,长春市
白城,通榆
白城,通榆
白城,通榆
长春,长春市
松原,松原市
松原,长岭
长春,长春市
白山,长白
白山,长白
白山,长白
白山,长白
白山,长白
白山,长白
延边,延吉市
延边,安图
延边,安图
白山,靖宇
四平,四平市
辽源,辽源市
辽源,东辽
辽源,辽源市
白城,大安
白城,大安
长春,长春市
长春,长春市
长春,长春市
吉林,吉林市
长春,长春市
长春,长春市
长春,长春市
吉林,吉林市
吉林,吉林市
吉林,吉林市
长春,长春市
延边,敦化
延边,敦化
长春,长春市
长春,长春市
四平,四平市
长春,农安
长春,农安
长春,农安
长春,农安
吉林,吉林市
吉林,吉林市
长春,长春市
长春,长春市
长春,榆树
通化,集安
通化,通化市
松原,松原市
长春,农安
长春,农安
长春,长春市
通化,通化市
通化,通化市
长春,长春市
长春,长春市
吉林,吉林市
长春,长春市
通化,梅河口
长春,长春市
长春,长春市
长春,长春市
长春,长春市
四平,四平市
通化,通化市
通化,通化市
长春,长春市
松原,松原市
松原,松原市
松原,松原市
松原,松原市
长春,长春市
长春,长春市
延边,图们
延边,延吉市
吉林,吉林市
通化,通化市
通化,通化市
通化,通化市
长春,长春市
延边,延吉市
吉林,吉林市
长春,长春市
延边,延吉市
长春,长春市
四平,四平市
四平,伊通
松原,松原市
松原,松原市
长春,长春市
四平,四平市
四平,四平市
长春,长春市
吉林,吉林市
松原,松原市
松原,松原市
松原,松原市
松原,松原市
吉林,蛟河
吉林,蛟河
四平,四平市
延边,延吉市
长春,长春市
长春,长春市
长春,长春市
长春,长春市
长春,长春市
长春,长春市
长春,长春市
长春,长春市
四平,四平市
长春,长春市
长春,长春市
长春,长春市
长春,榆树
延边,图们
长春,长春市
长春,长春市
长春,长春市
延边,延吉市
延边,延吉市
吉林,吉林市
长春,长春市
长春,长春市
长春,长春市
吉林,吉林市
白城,大安
长春,长春市
长春,长春市
长春,长春市
长春,长春市
长春,长春市
通化,集安
通化,集安
吉林,吉林市
延边,延吉市
长春,长春市
长春,长春市
白城,大安
长春,长春市
松原,松原市
延边,汪清
长春,长春市
长春,榆树
长春,榆树
白城,洮南
吉林,吉林市
长春,长春市
吉林,吉林市
辽源,东辽
吉林,蛟河
延边,安图
白山,靖宇
白山,靖宇
白山,靖宇
白山,靖宇
松原,松原市
松原,松原市
辽源,辽源市
辽源,辽源市
长春,长春市
白山,白山市
白山,白山市
白城,白城市
白城,白城市
长春,长春市
吉林,吉林市
四平,四平市
长春,长春市
延边,延吉市
长春,长春市
长春,农安
长春,长春市
白城,洮南
白城,洮南
长春,长春市
长春,长春市
延边,延吉市
延边,延吉市
通化,通化县
通化,通化县
四平,公主岭
长春,长春市
通化,通化市
通化,通化市
通化,通化市
长春,长春市
通化,通化市
通化,通化市
通化,通化市
吉林,吉林市
长春,长春市
四平,梨树
四平,梨树
四平,梨树
白山,白山市
白山,白山市
吉林,桦甸
四平,公主岭
四平,公主岭
延边,珲春市
延边,珲春市
白城,洮南
长春,长春市
长春,长春市
松原,扶余
四平,四平市
四平,四平市
长春,长春市
长春,长春市
长春,长春市
吉林,吉林市
通化,柳河
通化,柳河
四平,梨树
长春,农安
吉林,吉林市
通化,通化市
通化,通化市
四平,四平市
四平,四平市
长春,双阳
长春,双阳
延边,敦化
延边,敦化
白山,长白
白山,长白
白山,长白
白山,长白
白山,长白
白山,长白
通化,梅河口
松原,松原市
吉林,吉林市
辽源,辽源市
辽源,辽源市
通化,柳河
白山,靖宇
白山,靖宇
白山,靖宇
白山,靖宇
四平,四平市
四平,四平市
长春,长春市
延边,珲春市
延边,珲春市
通化,柳河
四平,四平市
四平,四平市
松原,松原市
白城,大安
白城,大安
长春,长春市
松原,松原市
松原,松原市
通化,集安
通化,集安
通化,集安
通化,集安
通化,集安
吉林,吉林市
吉林,吉林市
白城,洮南
白城,洮南
白城,洮南
白城,洮南
白城,白城市
白城,镇赉
白城,白城市
长春,长春市
白城,通榆
白城,通榆
四平,四平市
四平,四平市
吉林,吉林市
通化,通化县
长春,双阳
吉林,吉林市
四平,四平市
四平,四平市
长春,长春市
延边,延吉市
延边,延吉市
长春,长春市
长春,长春市
长春,长春市
吉林,桦甸
四平,梨树
白城,大安
白城,大安
长春,长春市
四平,梨树
四平,梨树
四平,梨树
辽源,辽源市
四平,四平市
四平,四平市
长春,长春市
白城,大安
长春,长春市
长春,长春市
四平,梨树
吉林,桦甸
通化,辉南
通化,辉南
长春,长春市
长春,长春市
四平,伊通
四平,公主岭
吉林,吉林市
吉林,吉林市
吉林,吉林市
吉林,吉林市
长春,长春市
长春,长春市
白城,通榆
白城,通榆
长春,长春市
长春,长春市
长春,长春市
吉林,桦甸
吉林,桦甸
长春,长春市
延边,安图
吉林,吉林市
吉林,吉林市
长春,双阳
长春,长春市
长春,长春市
松原,松原市
四平,四平市
四平,四平市
松原,松原市
四平,公主岭
四平,公主岭
长春,长春市
长春,长春市
长春,长春市
长春,长春市
长春,长春市
长春,长春市
松原,松原市
白城,大安
长春,长春市
白城,白城市
白城,白城市
长春,德惠
长春,德惠
白城,白城市
吉林,吉林市
吉林,吉林市
白城,镇赉
白城,镇赉
长春,榆树
长春,榆树
长春,榆树
长春,双阳
长春,双阳
白城,白城市
吉林,吉林市
吉林,桦甸
四平,公主岭
四平,公主岭
通化,通化县
通化,通化市
吉林,吉林市
吉林,吉林市
吉林,吉林市
通化,通化市
通化,通化市
通化,通化市
长春,长春市
长春,长春市
长春,榆树
长春,榆树
长春,榆树
松原,扶余
松原,松原市
白城,镇赉
白城,镇赉
白城,白城市
长春,榆树
长春,榆树
长春,榆树
延边,图们
白城,白城市
白城,白城市
长春,长春市
白山,抚松
长春,长春市
长春,榆树
长春,榆树
长春,榆树
长春,榆树
长春,榆树
松原,松原市
长春,长春市
长春,长春市
长春,长春市
长春,长春市
延边,敦化
延边,敦化
吉林,吉林市
长春,长春市
松原,松原市
吉林,吉林市
四平,梨树
四平,梨树
四平,梨树
松原,松原市
四平,梨树
长春,德惠
吉林,吉林市
四平,四平市
长春,长春市
长春,长春市
长春,长春市
长春,长春市
四平,四平市
吉林,吉林市
长春,长春市
长春,长春市
四平,四平市
四平,四平市
长春,长春市
长春,长春市
通化,柳河
通化,柳河
通化,柳河
长春,长春市
长春,长春市
四平,梨树
吉林,吉林市
吉林,吉林市
松原,松原市
松原,松原市
四平,梨树
四平,梨树
松原,扶余
白城,洮南
白城,洮南
辽源,辽源市
辽源,辽源市
吉林,蛟河
长春,长春市
长春,长春市
四平,公主岭
长春,榆树
松原,松原市
松原,松原市
松原,松原市
延边,珲春市
长春,榆树
通化,柳河
白城,白城市
白城,白城市
白城,白城市
四平,双辽
松原,松原市
白城,白城市
白山,江源
松原,松原市
延边,安图
辽源,东丰
四平,四平市
延边,延吉市
松原,松原市
长春,德惠
长春,德惠
长春,德惠
长春,德惠
松原,长岭
白城,白城市
松原,松原市
长春,榆树
长春,长春市
延边,延吉市
四平,四平市
长春,长春市
白城,洮南
松原,松原市
长春,长春市
松原,松原市
松原,松原市
松原,松原市
松原,松原市
松原,松原市
松原,松原市
松原,松原市
松原,松原市
松原,松原市
松原,松原市
长春,长春市
长春,长春市
松原,长岭
松原,长岭
松原,松原市
辽源,东丰
辽源,东丰
长春,长春市
长春,榆树
长春,农安
长春,农安
四平,公主岭
四平,公主岭
长春,榆树
长春,榆树
四平,梨树
四平,四平市
四平,公主岭
四平,梨树
延边,敦化
长春,榆树
长春,榆树
长春,双阳
长春,长春市
四平,梨树
四平,梨树
长春,长春市
长春,长春市
长春,长春市
吉林,永吉
吉林,永吉
白山,长白
白山,长白
白山,临江
长春,长春市
吉林,磐石
吉林,磐石
白城,白城市
四平,梨树
吉林,吉林市
吉林,蛟河
辽源,辽源市
辽源,辽源市
松原,松原市
长春,长春市
长春,农安
四平,四平市
四平,四平市
延边,敦化
延边,敦化
延边,敦化
长春,榆树
辽源,辽源市
长春,长春市
长春,长春市
长春,长春市
长春,长春市
长春,长春市
长春,长春市
长春,长春市
白城,大安
长春,长春市
长春,长春市
延边,敦化
四平,四平市
长春,长春市
四平,公主岭
延边,延吉市
延边,延吉市
延边,延吉市
通化,梅河口
通化,集安
通化,集安
白山,长白
辽源,辽源市
辽源,辽源市
松原,松原市
松原,松原市
长春,长春市
长春,长春市
松原,乾安
松原,乾安
通化,通化市
白城,洮南
长春,长春市
吉林,吉林市
长春,长春市
松原,乾安
松原,乾安
长春,长春市
长春,长春市
长春,长春市
白城,洮南
长春,长春市
白城,大安
长春,榆树
松原,乾安
松原,乾安
松原,乾安
长春,长春市
长春,长春市
长春,九台
通化,梅河口
通化,梅河口
通化,梅河口
吉林,吉林市
长春,长春市
通化,梅河口
通化,梅河口
长春,长春市
长春,榆树
长春,长春市
长春,榆树
长春,长春市
长春,长春市
长春,九台
吉林,吉林市
吉林,吉林市
吉林,吉林市
长春,长春市
长春,长春市
白城,通榆
白城,通榆
通化,梅河口
通化,梅河口
吉林,吉林市
白城,白城市
长春,长春市
长春,长春市
长春,长春市
白山,临江
长春,农安
四平,梨树
四平,伊通
四平,梨树
白山,临江
长春,长春市
延边,图们
延边,图们
延边,图们
延边,图们
长春,长春市
四平,四平市
吉林,吉林市
长春,德惠
松原,松原市
松原,松原市
长春,长春市
长春,长春市
长春,榆树
长春,榆树
长春,长春市
吉林,桦甸
吉林,吉林市
长春,长春市
四平,梨树
四平,梨树
长春,德惠
长春,长春市
吉林,舒兰
吉林,舒兰
吉林,舒兰
长春,长春市
长春,长春市
长春,长春市
白山,抚松
通化,集安
通化,集安
长春,长春市
长春,长春市
白城,白城市
白城,白城市
白城,白城市
白城,洮南
白城,白城市
白城,白城市
长春,长春市
吉林,吉林市
长春,长春市
长春,长春市
白城,镇赉
白城,镇赉
白城,镇赉
松原,松原市
四平,四平市
长春,长春市
长春,长春市
吉林,吉林市
辽源,东丰
长春,长春市
白山,抚松
白山,抚松
白山,抚松
吉林,吉林市
辽源,东丰
长春,长春市
辽源,辽源市
白山,江源
白山,江源
松原,松原市
四平,伊通
四平,伊通
延边,延吉市
延边,延吉市
四平,梨树
白山,江源
白山,江源
白山,江源
长春,长春市
长春,长春市
松原,松原市
松原,松原市
长春,长春市
吉林,吉林市
白城,洮南
白城,洮南
白城,洮南
白城,洮南
白城,洮南
延边,敦化
长春,长春市
四平,梨树
长春,榆树
长春,九台
白山,江源
长春,长春市
长春,长春市
长春,长春市
四平,四平市
长春,长春市
长春,长春市
长春,长春市
延边,延吉市
延边,珲春市
长春,长春市
长春,长春市
吉林,吉林市
吉林,吉林市
长春,长春市
长春,长春市
白山,白山市
吉林,蛟河
吉林,蛟河
长春,长春市
长春,长春市
长春,长春市
长春,长春市
长春,长春市
白城,大安
白城,大安
辽源,东丰
松原,松原市
松原,松原市
通化,柳河
通化,辉南
长春,长春市
长春,长春市
长春,长春市
长春,长春市
吉林,吉林市
通化,通化市
长春,长春市
长春,长春市
长春,长春市
长春,长春市
长春,长春市
白山,白山市
通化,梅河口
吉林,蛟河
吉林,蛟河
吉林,蛟河
吉林,蛟河
长春,长春市
长春,长春市
长春,长春市
四平,伊通
四平,伊通
长春,长春市
吉林,吉林市
吉林,吉林市
长春,长春市
延边,敦化
延边,敦化
延边,珲春市
长春,长春市
松原,扶余
松原,扶余
松原,扶余
松原,扶余
长春,农安
长春,农安
长春,农安
长春,长春市
四平,四平市
四平,四平市
长春,长春市
长春,长春市
长春,长春市
长春,长春市
长春,长春市
吉林,蛟河
吉林,吉林市
吉林,吉林市
长春,长春市
四平,四平市
延边,延吉市
长春,榆树
长春,榆树
长春,德惠
长春,榆树
长春,榆树
长春,长春市
长春,长春市
长春,长春市
长春,长春市
长春,长春市
长春,长春市
长春,长春市
白城,洮南
松原,松原市
长春,长春市
长春,长春市
吉林,吉林市
吉林,吉林市
吉林,吉林市
四平,四平市
长春,长春市
长春,长春市
长春,长春市
松原,扶余
四平,四平市
四平,四平市
辽源,辽源市
长春,长春市
四平,公主岭
四平,公主岭
四平,公主岭
长春,长春市
白山,江源
白山,江源
吉林,吉林市
长春,长春市
吉林,吉林市
长春,德惠
长春,长春市
四平,公主岭
白城,白城市
白城,白城市
白城,白城市
松原,松原市
松原,松原市
长春,长春市
通化,柳河
通化,梅河口
通化,梅河口
长春,九台
白山,白山市
白山,白山市
长春,长春市
长春,长春市
长春,长春市
长春,长春市
白山,抚松
白山,抚松
白山,抚松
白山,抚松
白山,江源
吉林,吉林市
长春,长春市
通化,辉南
吉林,蛟河
吉林,蛟河
吉林,蛟河
四平,梨树
长春,长春市
松原,长岭
松原,长岭
长春,长春市
长春,长春市
白山,白山市
白山,白山市
吉林,永吉
长春,德惠
四平,梨树
四平,伊通
四平,伊通
长春,长春市
通化,辉南
松原,松原市
松原,松原市
白山,江源
四平,四平市
四平,四平市
长春,农安
吉林,吉林市
吉林,吉林市
辽源,辽源市
长春,长春市
长春,德惠
长春,长春市
长春,长春市
通化,集安
长春,长春市
白山,白山市
通化,通化市
四平,四平市
四平,四平市
松原,扶余
长春,长春市
长春,长春市
长春,长春市
长春,农安
长春,农安
长春,长春市
白城,洮南
白城,洮南
长春,双阳
长春,双阳
长春,长春市
长春,长春市
长春,德惠
长春,长春市
四平,伊通
四平,四平市
四平,四平市
长春,长春市
四平,伊通
长春,长春市
松原,扶余
吉林,永吉
松原,松原市
松原,松原市
长春,农安
松原,松原市
吉林,吉林市
吉林,吉林市
四平,四平市
四平,四平市
白城,大安
白城,大安
长春,长春市
吉林,吉林市
松原,松原市
松原,松原市
长春,长春市
延边,图们
松原,乾安
长春,农安
白山,白山市
通化,通化市
通化,通化市
长春,长春市
长春,长春市
松原,松原市
松原,松原市
松原,松原市
松原,松原市
松原,松原市
延边,敦化
延边,敦化
吉林,磐石
吉林,磐石
通化,通化县
吉林,桦甸
吉林,吉林市
延边,敦化
长春,长春市
长春,长春市
长春,长春市
吉林,吉林市
四平,伊通
长春,长春市
长春,长春市
白城,大安
长春,长春市
吉林,磐石
吉林,磐石
吉林,磐石
吉林,磐石
长春,长春市
通化,通化市
白山,抚松
松原,松原市
松原,松原市
长春,长春市
长春,长春市
长春,长春市
长春,长春市
长春,长春市
四平,梨树
四平,梨树
四平,梨树
吉林,吉林市
吉林,舒兰
长春,长春市
长春,长春市
四平,公主岭
四平,四平市
四平,四平市
长春,双阳
长春,双阳
长春,长春市
吉林,吉林市
长春,长春市
长春,长春市
延边,延吉市
延边,延吉市
白城,洮南
长春,德惠
吉林,永吉
松原,松原市
吉林,永吉
吉林,永吉
吉林,永吉
白山,抚松
白山,抚松
长春,双阳
长春,长春市
吉林,吉林市
吉林,吉林市
吉林,永吉
四平,四平市
辽源,东辽
辽源,东辽
四平,梨树
四平,梨树
四平,梨树
吉林,吉林市
长春,榆树
长春,榆树
长春,榆树
长春,榆树
长春,榆树
延边,汪清
白山,长白
四平,梨树
长春,德惠
白城,大安
白城,白城市
长春,长春市
白山,长白
白山,长白
延边,敦化
四平,伊通
四平,伊通
通化,通化市
四平,梨树
长春,德惠
长春,长春市
长春,长春市
长春,长春市
四平,公主岭
四平,公主岭
长春,长春市
吉林,吉林市
四平,梨树
通化,通化市
四平,梨树
吉林,吉林市
四平,梨树
四平,梨树
松原,扶余
四平,梨树
长春,榆树
四平,伊通
辽源,东丰
辽源,东丰
四平,四平市
四平,梨树
四平,伊通
通化,通化市
辽源,东丰
辽源,东丰
辽源,东丰
辽源,东丰
四平,梨树
辽源,东丰
四平,梨树
四平,伊通
辽源,东丰
辽源,东丰
辽源,东丰
辽源,东丰
四平,伊通
四平,伊通
四平,伊通
四平,伊通
四平,伊通
四平,伊通
白城,洮南
白城,洮南
四平,伊通
四平,伊通
四平,伊通
通化,辉南
松原,松原市
白城,白城市
长春,长春市
长春,长春市
延边,和龙
松原,松原市
延边,延吉市
长春,德惠
长春,德惠
长春,德惠
长春,德惠
松原,松原市
长春,长春市
长春,长春市
长春,长春市
通化,柳河
长春,长春市
长春,长春市
长春,长春市
长春,榆树
白城,大安
通化,辉南
长春,榆树
长春,长春市
长春,长春市
辽源,东丰
辽源,东丰
辽源,东丰
辽源,东丰
吉林,蛟河
四平,伊通
长春,榆树
松原,乾安
松原,乾安
延边,延吉市
长春,长春市
白城,洮南
四平,梨树
辽源,东辽
通化,通化县
长春,长春市
四平,公主岭
四平,公主岭
长春,长春市
长春,长春市
长春,长春市
长春,长春市
长春,长春市
白山,白山市
吉林,桦甸
通化,通化市
通化,通化市
松原,松原市
松原,松原市
长春,长春市
四平,四平市
四平,四平市
辽源,东丰
长春,长春市
长春,农安
白山,抚松
长春,长春市
延边,延吉市
延边,延吉市
通化,通化县
长春,长春市
长春,长春市
松原,松原市
松原,松原市
松原,松原市
松原,松原市
吉林,吉林市
吉林,吉林市
长春,长春市
长春,长春市
四平,双辽
四平,双辽
四平,双辽
长春,九台
长春,长春市
通化,辉南
通化,辉南
延边,敦化
长春,长春市
长春,长春市
四平,双辽
四平,双辽
长春,长春市
长春,长春市
辽源,东丰
辽源,东丰
白城,通榆
白城,通榆
松原,乾安
松原,乾安
松原,乾安
延边,图们
延边,图们
通化,通化市
通化,通化市
通化,通化市
通化,通化市
长春,长春市
白城,洮南
吉林,吉林市
吉林,吉林市
白山,抚松
白山,白山市
白山,白山市
长春,长春市
长春,长春市
长春,长春市
吉林,蛟河
吉林,蛟河
白城,白城市
白城,白城市
白城,白城市
通化,通化市
吉林,吉林市
通化,集安
通化,集安
白山,白山市
长春,长春市
长春,德惠
长春,德惠
吉林,永吉
吉林,永吉
长春,九台
长春,九台
白山,抚松
长春,长春市
长春,长春市
吉林,吉林市
吉林,吉林市
长春,长春市
长春,长春市
长春,农安
长春,农安
长春,农安
长春,长春市
长春,九台
延边,珲春市
四平,四平市
长春,德惠
长春,长春市
延边,延吉市
延边,延吉市
延边,延吉市
长春,长春市
长春,榆树
长春,榆树
长春,榆树
长春,榆树
白山,临江
长春,榆树
四平,四平市
四平,四平市
长春,长春市
吉林,吉林市
四平,梨树
四平,梨树
吉林,吉林市
长春,长春市
吉林,吉林市
延边,敦化
延边,敦化
通化,通化市
四平,双辽
四平,双辽
四平,双辽
辽源,东丰
松原,松原市
松原,松原市
长春,长春市
长春,长春市
松原,松原市
延边,延吉市
延边,延吉市
长春,长春市
吉林,吉林市
长春,长春市
长春,长春市
四平,四平市
四平,四平市
长春,农安
长春,农安
长春,农安
延边,延吉市
延边,延吉市
长春,长春市
白城,大安
白城,大安
白城,大安
长春,长春市
四平,四平市
长春,长春市
长春,长春市
延边,敦化
松原,乾安
松原,乾安
辽源,东丰
辽源,东丰
松原,长岭
通化,通化市
通化,通化市
吉林,吉林市
松原,松原市
松原,松原市
通化,通化市
通化,通化市
通化,通化市
长春,德惠
松原,松原市
松原,松原市
四平,四平市
四平,四平市
长春,长春市
长春,长春市
长春,长春市
松原,松原市
松原,松原市
长春,九台
松原,松原市
松原,松原市
松原,松原市
长春,长春市
长春,德惠
辽源,东丰
四平,四平市
长春,长春市
长春,长春市
长春,长春市
长春,德惠
吉林,吉林市
长春,长春市
长春,长春市
长春,长春市
长春,长春市
长春,长春市
吉林,吉林市
长春,长春市
长春,长春市
长春,九台
松原,乾安
松原,乾安
长春,九台
长春,长春市
白城,镇赉
白城,镇赉
白城,镇赉
长春,长春市
松原,松原市
长春,长春市
长春,长春市
长春,长春市
辽源,东丰
吉林,吉林市
白城,白城市
白城,白城市
白城,白城市
白城,白城市
通化,通化市
长春,长春市
长春,长春市
长春,长春市
长春,长春市
长春,长春市
松原,松原市
松原,松原市
松原,松原市
长春,长春市
长春,长春市
长春,长春市
长春,长春市
长春,长春市
吉林,吉林市
长春,长春市
长春,农安
长春,长春市
长春,长春市
长春,长春市
松原,松原市
松原,松原市
松原,松原市
松原,松原市
松原,松原市
四平,四平市
四平,公主岭
四平,公主岭
长春,长春市
长春,长春市
长春,长春市
长春,长春市
延边,图们
延边,图们
延边,图们
四平,四平市
长春,长春市
长春,长春市
长春,长春市
长春,长春市
辽源,东丰
四平,四平市
四平,四平市
吉林,吉林市
通化,通化市
延边,延吉市
延边,延吉市
长春,长春市
通化,通化市
延边,敦化
延边,敦化
长春,长春市
长春,长春市
吉林,吉林市
吉林,吉林市
长春,长春市
长春,长春市
长春,农安
四平,四平市
吉林,吉林市
吉林,吉林市
长春,农安
长春,农安
长春,德惠
长春,长春市
长春,德惠
长春,长春市
长春,长春市
长春,长春市
辽源,东丰
延边,延吉市
延边,延吉市
通化,通化市
长春,长春市
长春,长春市
松原,松原市
松原,松原市
吉林,吉林市
白山,白山市
长春,长春市
白城,通榆
白城,通榆
白城,通榆
长春,德惠
通化,辉南
长春,长春市
延边,敦化
吉林,吉林市
长春,长春市
长春,长春市
长春,长春市
四平,双辽
四平,双辽
长春,德惠
长春,长春市
长春,长春市
长春,长春市
松原,松原市
松原,松原市
四平,四平市
长春,长春市
长春,长春市
长春,榆树
长春,德惠
长春,德惠
长春,长春市
白山,抚松
吉林,吉林市
长春,长春市
长春,长春市
四平,四平市
长春,长春市
长春,长春市
长春,德惠
长春,九台
长春,长春市
长春,榆树
长春,九台
长春,九台
通化,通化市
长春,农安
长春,农安
吉林,吉林市
吉林,吉林市
吉林,吉林市
长春,长春市
松原,松原市
松原,松原市
长春,长春市
白城,通榆
白城,通榆
白城,通榆
白城,通榆
长春,榆树
四平,伊通
四平,伊通
四平,四平市
四平,四平市
长春,双阳
长春,双阳
松原,乾安
长春,长春市
长春,长春市
四平,双辽
四平,双辽
四平,双辽
长春,长春市
四平,四平市
四平,四平市
白城,通榆
白城,通榆
长春,长春市
长春,长春市
四平,公主岭
四平,公主岭
松原,松原市
长春,长春市
长春,长春市
长春,长春市
四平,梨树
松原,松原市
松原,松原市
长春,长春市
长春,长春市
吉林,吉林市
松原,乾安
松原,乾安
通化,通化市
四平,公主岭
四平,公主岭
长春,长春市
长春,长春市
长春,长春市
长春,长春市
长春,长春市
四平,双辽
四平,双辽
四平,双辽
长春,长春市
白城,洮南
白城,洮南
吉林,吉林市
长春,长春市
长春,长春市
长春,长春市
长春,长春市
长春,长春市
长春,长春市
长春,德惠
长春,德惠
长春,长春市
长春,长春市
白山,抚松
白城,洮南
白城,洮南
吉林,吉林市
吉林,吉林市
吉林,吉林市
吉林,吉林市
吉林,吉林市
长春,长春市
四平,梨树
四平,四平市
四平,梨树
四平,梨树
长春,长春市
吉林,舒兰
长春,长春市
延边,敦化
延边,敦化
长春,长春市
白山,白山市
长春,长春市
松原,松原市
松原,松原市
松原,松原市
延边,安图
延边,安图
长春,农安
长春,长春市
长春,长春市
长春,长春市
长春,长春市
长春,长春市
白城,洮南
松原,松原市
长春,长春市
吉林,舒兰
白山,靖宇
辽源,辽源市
辽源,东辽
长春,长春市
长春,长春市
长春,长春市
长春,长春市
白山,临江
白山,临江
松原,松原市
松原,松原市
吉林,桦甸
长春,长春市
长春,榆树
长春,榆树
长春,长春市
白山,靖宇
长春,长春市
长春,长春市
长春,长春市
长春,长春市
延边,延吉市
延边,延吉市
长春,长春市
长春,长春市
延边,延吉市
延边,延吉市
长春,长春市
长春,长春市
长春,长春市
松原,松原市
松原,松原市
长春,长春市
长春,长春市
长春,长春市
吉林,吉林市
长春,长春市
长春,德惠
长春,榆树
吉林,吉林市
白山,临江
白山,临江
白山,临江
吉林,吉林市
松原,松原市
松原,松原市
松原,松原市
松原,松原市
四平,伊通
吉林,吉林市
长春,长春市
长春,长春市
长春,长春市
四平,梨树
吉林,永吉
长春,长春市
长春,长春市
辽源,辽源市
延边,敦化
长春,农安
四平,四平市
长春,长春市
长春,长春市
延边,敦化
长春,长春市
长春,长春市
长春,长春市
长春,长春市
白山,临江
白山,临江
白城,大安
白城,大安
长春,长春市
长春,长春市
长春,长春市
长春,长春市
四平,梨树
吉林,磐石
吉林,磐石
延边,和龙
延边,和龙
长春,榆树
四平,梨树
四平,梨树
四平,梨树
长春,长春市
长春,长春市
长春,长春市
四平,四平市
吉林,吉林市
长春,榆树
长春,榆树
长春,榆树
长春,榆树
长春,榆树
长春,长春市
长春,长春市
吉林,吉林市
长春,长春市
松原,松原市
松原,松原市
四平,梨树
长春,长春市
四平,梨树
四平,梨树
长春,长春市
长春,长春市
长春,长春市
四平,梨树
白山,白山市
吉林,吉林市
白山,白山市
长春,长春市
长春,长春市
长春,长春市
长春,长春市
长春,长春市
长春,长春市
白山,白山市
延边,汪清
长春,农安
长春,榆树
长春,榆树
长春,榆树
长春,榆树
长春,榆树
四平,公主岭
长春,长春市
长春,长春市
长春,长春市
长春,长春市
长春,长春市
通化,梅河口
通化,梅河口
通化,梅河口
通化,通化市
通化,柳河
松原,松原市
松原,松原市
长春,长春市
长春,长春市
白城,白城市
长春,长春市
通化,柳河
长春,长春市
长春,长春市
吉林,吉林市
吉林,吉林市
吉林,吉林市
吉林,吉林市
吉林,吉林市
四平,四平市
长春,长春市
长春,长春市
长春,长春市
长春,长春市
白城,白城市
长春,长春市
长春,长春市
长春,长春市
四平,伊通
通化,梅河口
通化,梅河口
长春,长春市
长春,长春市
松原,松原市
松原,松原市
吉林,吉林市
吉林,吉林市
吉林,吉林市
吉林,吉林市
吉林,吉林市
吉林,吉林市
吉林,吉林市
吉林,吉林市
吉林,吉林市
四平,四平市
通化,柳河
通化,柳河
长春,德惠
通化,柳河
通化,柳河
松原,长岭
松原,长岭
长春,榆树
长春,榆树
长春,榆树
长春,榆树
长春,榆树
长春,长春市
长春,长春市
长春,长春市
延边,延吉市
延边,延吉市
长春,长春市
长春,长春市
辽源,辽源市
通化,柳河
通化,柳河
通化,柳河
通化,柳河
长春,德惠
长春,九台
长春,德惠
白山,江源
长春,长春市
白山,临江
白山,临江
长春,长春市
吉林,吉林市
吉林,吉林市
长春,长春市
长春,长春市
长春,榆树
长春,榆树
四平,四平市
四平,四平市
四平,四平市
长春,长春市
长春,长春市
通化,通化市
通化,集安
通化,通化市
四平,四平市
长春,长春市
长春,长春市
长春,长春市
长春,农安
长春,长春市
长春,长春市
长春,长春市
长春,榆树
长春,榆树
四平,公主岭
吉林,吉林市
吉林,吉林市
四平,梨树
四平,梨树
四平,梨树
吉林,吉林市
吉林,吉林市
吉林,吉林市
长春,九台
长春,长春市
四平,四平市
四平,四平市
四平,四平市
长春,长春市
白城,镇赉
白城,镇赉
白城,镇赉
白城,大安
四平,梨树
四平,梨树
白城,白城市
白城,白城市
吉林,吉林市
长春,长春市
长春,长春市
延边,延吉市
长春,长春市
长春,长春市
四平,四平市
长春,长春市
松原,松原市
松原,松原市
松原,松原市
松原,松原市
长春,长春市
长春,长春市
辽源,东辽
辽源,东辽
长春,长春市
吉林,蛟河
长春,长春市
四平,四平市
白山,江源
白山,江源
白山,江源
白山,江源
延边,延吉市
松原,松原市
松原,松原市
松原,长岭
松原,长岭
松原,长岭
长春,长春市
四平,四平市
吉林,吉林市
通化,通化市
长春,长春市
长春,德惠
四平,四平市
长春,长春市
白城,白城市
白城,白城市
白城,白城市
白城,白城市
白城,白城市
白城,白城市
白城,白城市
白城,白城市
白城,白城市
白城,白城市
四平,公主岭
四平,公主岭
松原,松原市
松原,松原市
长春,长春市
通化,通化市
长春,长春市
延边,图们
长春,长春市
长春,长春市
四平,四平市
长春,长春市
长春,长春市
长春,德惠
通化,通化县
通化,通化县
通化,通化县
长春,长春市
长春,长春市
松原,乾安
松原,乾安
长春,长春市
松原,松原市
松原,松原市
松原,松原市
长春,长春市
长春,长春市
长春,长春市
长春,长春市
吉林,吉林市
长春,长春市
长春,榆树
白山,江源
延边,延吉市
延边,延吉市
长春,长春市
长春,长春市
长春,长春市
长春,长春市
白城,白城市
白城,白城市
四平,梨树
四平,梨树
吉林,吉林市
长春,九台
长春,九台
长春,长春市
长春,九台
通化,通化市
长春,榆树
长春,长春市
长春,长春市
吉林,吉林市
长春,长春市
长春,长春市
长春,长春市
辽源,辽源市
延边,延吉市
长春,长春市
长春,长春市
长春,长春市
通化,集安
长春,双阳
长春,长春市
白城,白城市
白城,大安
白城,大安
长春,长春市
通化,通化市
通化,通化市
长春,长春市
白城,镇赉
白城,镇赉
白城,镇赉
白城,镇赉
白城,镇赉
白城,镇赉
长春,长春市
长春,长春市
辽源,东丰
长春,长春市
长春,长春市
长春,长春市
长春,长春市
延边,和龙
长春,德惠
长春,德惠
延边,延吉市
延边,延吉市
长春,长春市
四平,公主岭
长春,长春市
通化,梅河口
辽源,东丰
辽源,东丰
白城,通榆
长春,长春市
长春,长春市
长春,长春市
长春,农安
长春,农安
长春,农安
长春,长春市
长春,长春市
吉林,吉林市
长春,长春市
松原,松原市
松原,松原市
长春,长春市
长春,长春市
长春,长春市
白城,洮南
白城,洮南
通化,通化市
通化,通化市
长春,长春市
长春,长春市
长春,长春市
通化,梅河口
通化,梅河口
长春,德惠
四平,四平市
四平,四平市
长春,长春市
白山,抚松
白山,抚松
白山,抚松
长春,长春市
延边,敦化
延边,敦化
通化,通化县
通化,通化县
通化,通化市
四平,伊通
四平,伊通
白山,白山市
长春,长春市
通化,通化市
通化,通化市
通化,通化市
通化,通化市
长春,长春市
长春,长春市
长春,长春市
长春,长春市
长春,长春市
四平,四平市
长春,长春市
长春,长春市
长春,榆树
松原,松原市
长春,长春市
通化,通化市
通化,通化市
四平,四平市
四平,四平市
长春,长春市
长春,长春市
吉林,吉林市
长春,长春市
长春,长春市
长春,长春市
吉林,吉林市
长春,长春市
辽源,辽源市
辽源,辽源市
长春,长春市
长春,长春市
长春,长春市
长春,长春市
长春,长春市
松原,松原市
长春,长春市
长春,长春市
白城,白城市
白城,白城市
延边,敦化
延边,敦化
延边,汪清
吉林,吉林市
吉林,磐石
白山,白山市
白山,白山市
长春,长春市
长春,长春市
长春,长春市
吉林,吉林市
吉林,吉林市
长春,长春市
四平,四平市
长春,农安
松原,松原市
松原,松原市
松原,松原市
松原,松原市
松原,松原市
长春,长春市
长春,长春市
长春,长春市
长春,长春市
长春,长春市
白山,白山市
白山,江源
长春,长春市
吉林,吉林市
吉林,吉林市
长春,长春市
四平,四平市
吉林,永吉
吉林,永吉
吉林,永吉
吉林,吉林市
四平,四平市
延边,敦化
延边,敦化
延边,汪清
长春,长春市
松原,松原市
松原,松原市
吉林,吉林市
延边,珲春市
延边,珲春市
四平,四平市
长春,榆树
长春,榆树
长春,榆树
长春,榆树
长春,榆树
长春,长春市
长春,双阳
四平,四平市
辽源,辽源市
辽源,辽源市
白城,通榆
白城,通榆
长春,长春市
长春,长春市
长春,长春市
通化,柳河
通化,通化市
长春,长春市
吉林,吉林市
吉林,吉林市
吉林,吉林市
辽源,辽源市
辽源,辽源市
辽源,辽源市
通化,辉南
长春,长春市
长春,长春市
通化,通化市
通化,通化市
松原,松原市
松原,松原市
长春,长春市
长春,长春市
长春,长春市
长春,长春市
长春,长春市
长春,九台
长春,长春市
长春,长春市
长春,双阳
长春,德惠
长春,九台
长春,长春市
延边,汪清
松原,松原市
松原,松原市
通化,梅河口
延边,和龙
延边,延吉市
延边,延吉市
长春,长春市
松原,松原市
四平,伊通
长春,榆树
长春,长春市
长春,长春市
长春,长春市
吉林,吉林市
吉林,吉林市
白山,长白
白山,长白
松原,松原市
长春,长春市
松原,松原市
四平,公主岭
四平,公主岭
吉林,吉林市
吉林,吉林市
吉林,吉林市
长春,长春市
吉林,桦甸
长春,德惠
长春,长春市
长春,长春市
吉林,吉林市
长春,长春市
松原,松原市
松原,松原市
长春,长春市
长春,长春市
辽源,辽源市
辽源,辽源市
辽源,辽源市
延边,延吉市
延边,延吉市
长春,长春市
长春,双阳
长春,双阳
通化,通化县
通化,梅河口
长春,长春市
长春,长春市
长春,长春市
长春,长春市
长春,长春市
长春,长春市
通化,通化市
通化,柳河
白城,洮南
白城,洮南
松原,松原市
松原,松原市
长春,长春市
延边,延吉市
延边,延吉市
松原,扶余
松原,扶余
白城,洮南
白城,洮南
长春,长春市
通化,通化市
吉林,蛟河
四平,梨树
松原,松原市
松原,松原市
吉林,吉林市
通化,辉南
长春,长春市
长春,长春市
吉林,吉林市
长春,长春市
通化,辉南
通化,辉南
吉林,吉林市
吉林,吉林市
四平,公主岭
四平,公主岭
长春,长春市
长春,长春市
长春,长春市
长春,长春市
长春,长春市
延边,延吉市
吉林,吉林市
通化,通化县
长春,长春市
长春,长春市
吉林,蛟河
四平,四平市
四平,伊通
四平,伊通
延边,延吉市
通化,通化市
吉林,吉林市
吉林,吉林市
吉林,吉林市
白城,大安
白城,大安
白山,白山市
长春,长春市
通化,通化市
长春,长春市
长春,长春市
长春,长春市
吉林,吉林市
延边,图们
延边,图们
白城,洮南
长春,长春市
长春,长春市
长春,长春市
吉林,吉林市
吉林,吉林市
吉林,吉林市
吉林,吉林市
长春,长春市
长春,长春市
长春,长春市
长春,长春市
长春,长春市
长春,长春市
长春,长春市
吉林,吉林市
吉林,吉林市
长春,农安
长春,长春市
长春,长春市
通化,梅河口
长春,长春市
吉林,吉林市
长春,农安
长春,农安
长春,长春市
长春,长春市
吉林,吉林市
延边,延吉市
延边,延吉市
延边,汪清
长春,长春市
长春,农安
吉林,吉林市
吉林,吉林市
吉林,吉林市
延边,汪清
长春,长春市
长春,长春市
通化,柳河
通化,柳河
长春,长春市
延边,汪清
长春,长春市
长春,榆树
长春,榆树
长春,榆树
长春,榆树
长春,榆树
通化,柳河
通化,柳河
通化,柳河
通化,柳河
通化,柳河
长春,长春市
通化,柳河
通化,柳河
通化,柳河
吉林,吉林市
长春,长春市
延边,敦化
延边,敦化
延边,敦化
长春,长春市
吉林,吉林市
白山,临江
吉林,吉林市
长春,长春市
白山,白山市
通化,柳河
通化,柳河
长春,长春市
长春,长春市
长春,德惠
延边,延吉市
四平,公主岭
四平,公主岭
四平,公主岭
长春,德惠
长春,德惠
长春,德惠
长春,德惠
延边,延吉市
长春,长春市
通化,通化市
通化,通化市
长春,长春市
白城,大安
长春,长春市
长春,长春市
通化,辉南
通化,辉南
松原,松原市
吉林,吉林市
松原,松原市
松原,松原市
松原,松原市
通化,通化县
白城,白城市
长春,长春市
松原,松原市
松原,松原市
白城,白城市
松原,松原市
松原,松原市
辽源,东辽
辽源,辽源市
长春,长春市
长春,长春市
长春,长春市
长春,长春市
辽源,辽源市
长春,长春市
长春,农安
长春,农安
长春,长春市
长春,长春市
四平,梨树
长春,长春市
吉林,吉林市
吉林,吉林市
长春,长春市
白山,白山市
白山,白山市
四平,梨树
长春,长春市
白山,抚松
长春,德惠
辽源,东辽
辽源,东辽
辽源,东辽
延边,敦化
长春,长春市
长春,长春市
松原,松原市
松原,松原市
松原,松原市
松原,松原市
长春,长春市
松原,松原市
长春,双阳
通化,柳河
通化,柳河
长春,农安
吉林,吉林市
白城,白城市
白城,白城市
长春,榆树
白山,白山市
通化,柳河
松原,松原市
松原,松原市
四平,四平市
四平,四平市
延边,汪清
长春,长春市
辽源,辽源市
长春,长春市
长春,长春市
长春,长春市
长春,长春市
通化,通化市
通化,通化市
长春,长春市
长春,长春市
长春,长春市
吉林,吉林市
吉林,吉林市
长春,长春市
白城,通榆
白城,通榆
长春,农安
长春,农安
长春,农安
吉林,吉林市
吉林,吉林市
延边,延吉市
吉林,吉林市
松原,松原市
松原,松原市
长春,农安
长春,农安
松原,松原市
松原,松原市
长春,长春市
长春,长春市
通化,通化县
长春,九台
长春,九台
吉林,吉林市
吉林,吉林市
四平,梨树
通化,梅河口
通化,梅河口
长春,长春市
长春,长春市
长春,长春市
长春,长春市
松原,扶余
四平,梨树
四平,梨树
四平,公主岭
四平,公主岭
四平,梨树
长春,长春市
长春,长春市
长春,德惠
长春,德惠
长春,长春市
长春,长春市
长春,长春市
长春,长春市
长春,长春市
长春,长春市
长春,长春市
长春,长春市
长春,长春市
长春,农安
长春,九台
长春,长春市
长春,长春市
长春,长春市
吉林,吉林市
吉林,吉林市
吉林,吉林市
吉林,永吉
吉林,永吉
松原,松原市
长春,长春市
长春,长春市
长春,长春市
长春,德惠
长春,双阳
长春,双阳
长春,双阳
长春,双阳
长春,双阳
长春,榆树
长春,长春市
长春,榆树
四平,四平市
松原,松原市
松原,松原市
四平,伊通
四平,伊通
四平,伊通
四平,伊通
四平,伊通
四平,伊通
四平,伊通
松原,扶余
延边,延吉市
延边,延吉市
长春,榆树
长春,长春市
长春,榆树
长春,德惠
吉林,蛟河
吉林,蛟河
吉林,蛟河
吉林,蛟河
吉林,蛟河
长春,长春市
长春,长春市
长春,长春市
长春,长春市
吉林,吉林市
吉林,吉林市
吉林,吉林市
吉林,吉林市
通化,梅河口
通化,梅河口
长春,长春市
松原,松原市
松原,松原市
四平,公主岭
长春,长春市
长春,长春市
长春,农安
长春,农安
松原,长岭
长春,长春市
延边,龙井
延边,龙井
吉林,吉林市
吉林,吉林市
长春,榆树
辽源,辽源市
辽源,辽源市
辽源,辽源市
通化,通化市
四平,公主岭
吉林,吉林市
吉林,吉林市
吉林,吉林市
吉林,吉林市
白城,通榆
白城,通榆
白城,通榆
通化,柳河
松原,松原市
松原,松原市
长春,长春市
长春,长春市
长春,长春市
四平,四平市
长春,长春市
四平,公主岭
四平,公主岭
通化,通化市
四平,公主岭
白山,靖宇
长春,长春市
长春,长春市
辽源,东丰
长春,农安
长春,农安
长春,农安
四平,伊通
四平,伊通
长春,长春市
松原,松原市
松原,松原市
长春,长春市
长春,德惠
吉林,吉林市
吉林,吉林市
长春,德惠
长春,德惠
长春,德惠
长春,长春市
白城,洮南
四平,梨树
通化,通化市
通化,通化市
四平,四平市
四平,四平市
长春,长春市
长春,长春市
长春,长春市
长春,长春市
长春,长春市
辽源,东丰
辽源,东丰
长春,长春市
长春,长春市
延边,延吉市
延边,延吉市
长春,长春市
长春,长春市
长春,农安
长春,农安
白城,大安
白城,大安
松原,乾安
松原,乾安
白城,大安
白城,洮南
松原,松原市
松原,松原市
长春,长春市
长春,长春市
松原,乾安
长春,长春市
长春,长春市
长春,长春市
长春,长春市
长春,榆树
白山,长白
白山,长白
白山,长白
长春,长春市
长春,长春市
吉林,吉林市
延边,汪清
吉林,吉林市
松原,松原市
长春,长春市
长春,长春市
吉林,吉林市
长春,长春市
四平,公主岭
四平,公主岭
长春,长春市
通化,通化市
辽源,辽源市
长春,长春市
长春,长春市
长春,长春市
延边,延吉市
延边,延吉市
长春,九台
长春,长春市
吉林,吉林市
长春,长春市
长春,德惠
延边,延吉市
延边,延吉市
吉林,桦甸
吉林,桦甸
长春,长春市
长春,长春市
长春,长春市
松原,乾安
通化,通化市
吉林,吉林市
长春,榆树
长春,榆树
长春,榆树
长春,榆树
长春,榆树
通化,通化市
长春,长春市
长春,长春市
长春,九台
长春,九台
长春,九台
长春,九台
长春,九台
长春,长春市
长春,长春市
长春,长春市
长春,长春市
长春,德惠
延边,汪清
延边,图们
长春,长春市
长春,长春市
四平,公主岭
四平,公主岭
长春,榆树
长春,榆树
延边,汪清
长春,九台
长春,九台
长春,九台
长春,九台
长春,九台
通化,柳河
松原,松原市
松原,松原市
长春,长春市
长春,长春市
白山,白山市
长春,长春市
长春,长春市
长春,长春市
长春,长春市
长春,长春市
长春,长春市
长春,长春市
延边,汪清
延边,汪清
长春,长春市
松原,乾安
松原,乾安
长春,长春市
长春,长春市
辽源,东辽
长春,长春市
长春,长春市
白山,抚松
白山,抚松
白山,抚松
白山,白山市
辽源,辽源市
四平,伊通
长春,农安
长春,农安
长春,农安
长春,农安
通化,梅河口
通化,通化市
长春,长春市
长春,长春市
吉林,吉林市
吉林,吉林市
吉林,吉林市
白城,洮南
长春,长春市
长春,长春市
长春,长春市
长春,长春市
长春,德惠
长春,德惠
四平,四平市
通化,柳河
通化,柳河
吉林,吉林市
长春,长春市
长春,长春市
长春,榆树
松原,松原市
延边,延吉市
长春,长春市
长春,长春市
延边,珲春市
延边,珲春市
长春,长春市
白山,白山市
白山,白山市
白山,白山市
白山,白山市
白山,白山市
吉林,吉林市
长春,长春市
长春,长春市
吉林,吉林市
长春,长春市
松原,长岭
松原,长岭
松原,长岭
长春,农安
长春,农安
长春,农安
白山,靖宇
白山,靖宇
白山,靖宇
白山,靖宇
白山,靖宇
长春,长春市
延边,延吉市
延边,延吉市
四平,梨树
四平,梨树
四平,梨树
四平,梨树
吉林,吉林市
吉林,吉林市
吉林,吉林市
长春,长春市
吉林,吉林市
长春,长春市
辽源,辽源市
吉林,吉林市
吉林,吉林市
吉林,吉林市
延边,和龙
延边,和龙
延边,延吉市
延边,延吉市
长春,长春市
通化,通化市
通化,通化市
吉林,吉林市
吉林,吉林市
吉林,吉林市
长春,双阳
长春,长春市
白山,江源
长春,长春市
长春,长春市
长春,九台
长春,九台
辽源,辽源市
长春,长春市
长春,长春市
长春,长春市
四平,公主岭
通化,通化市
延边,汪清
延边,汪清
延边,汪清
长春,榆树
长春,榆树
长春,榆树
长春,榆树
长春,榆树
四平,四平市
四平,四平市
延边,敦化
延边,延吉市
延边,延吉市
吉林,舒兰
吉林,舒兰
长春,长春市
长春,长春市
辽源,东辽
长春,农安
延边,图们
长春,长春市
延边,延吉市
延边,延吉市
长春,长春市
白城,镇赉
长春,德惠
通化,梅河口
通化,梅河口
通化,梅河口
通化,梅河口
通化,梅河口
松原,松原市
松原,松原市
松原,松原市
松原,松原市
长春,长春市
四平,梨树
四平,梨树
长春,长春市
长春,长春市
辽源,辽源市
延边,敦化
延边,延吉市
延边,敦化
长春,长春市
通化,通化县
长春,长春市
白山,江源
白山,白山市
长春,长春市
长春,长春市
通化,通化县
通化,通化县
延边,延吉市
四平,四平市
长春,长春市
长春,长春市
长春,九台
长春,九台
长春,长春市
长春,九台
长春,九台
长春,九台
长春,九台
四平,四平市
四平,四平市
四平,四平市
吉林,吉林市
白城,大安
白城,大安
通化,通化市
松原,松原市
松原,松原市
长春,双阳
长春,双阳
通化,梅河口
通化,梅河口
吉林,吉林市
辽源,东辽
辽源,辽源市
辽源,东辽
辽源,辽源市
长春,长春市
延边,汪清
长春,榆树
长春,榆树
长春,榆树
松原,松原市
吉林,蛟河
吉林,蛟河
吉林,蛟河
吉林,蛟河
吉林,蛟河
吉林,蛟河
吉林,蛟河
吉林,蛟河
吉林,蛟河
吉林,蛟河
长春,长春市
长春,长春市
通化,通化县
长春,长春市
长春,长春市
长春,长春市
白城,镇赉
白城,镇赉
吉林,永吉
延边,敦化
长春,德惠
长春,农安
长春,农安
长春,农安
吉林,吉林市
吉林,吉林市
辽源,辽源市
辽源,辽源市
长春,长春市
四平,四平市
长春,长春市
长春,长春市
辽源,辽源市
辽源,辽源市
松原,松原市
松原,松原市
松原,松原市
松原,松原市
松原,松原市
长春,德惠
长春,九台
长春,九台
四平,四平市
长春,长春市
长春,长春市
长春,长春市
白城,白城市
白城,白城市
长春,长春市
长春,长春市
长春,长春市
长春,长春市
长春,长春市
白山,江源
白山,江源
白山,白山市
长春,长春市
长春,长春市
吉林,吉林市
吉林,吉林市
吉林,吉林市
长春,长春市
通化,辉南
延边,和龙
延边,延吉市
延边,延吉市
延边,敦化
四平,伊通
四平,伊通
长春,长春市
长春,长春市
吉林,吉林市
吉林,舒兰
吉林,舒兰
吉林,永吉
长春,长春市
长春,长春市
长春,长春市
通化,通化县
通化,通化县
长春,长春市
白山,白山市
白山,白山市
吉林,吉林市
长春,长春市
长春,长春市
四平,四平市
四平,四平市
四平,四平市
长春,长春市
吉林,桦甸
长春,长春市
长春,长春市
延边,延吉市
延边,延吉市
延边,汪清
四平,公主岭
松原,松原市
松原,松原市
四平,四平市
辽源,辽源市
辽源,辽源市
辽源,辽源市
辽源,辽源市
辽源,辽源市
辽源,辽源市
辽源,辽源市
白城,大安
长春,长春市
长春,九台
延边,汪清
延边,汪清
长春,榆树
四平,梨树
四平,梨树
四平,梨树
通化,通化市
通化,集安
白山,靖宇
白山,靖宇
长春,长春市
辽源,东丰
辽源,东丰
长春,长春市
通化,柳河
通化,柳河
辽源,辽源市
辽源,辽源市
长春,长春市
通化,通化县
通化,通化县
四平,双辽
四平,四平市
四平,四平市
四平,四平市
长春,长春市
吉林,吉林市
长春,长春市
长春,长春市
长春,长春市
长春,长春市
延边,敦化
延边,敦化
松原,松原市
四平,公主岭
长春,长春市
延边,延吉市
延边,延吉市
延边,延吉市
白城,镇赉
长春,长春市
长春,长春市
延边,汪清
四平,梨树
白城,镇赉
白城,镇赉
辽源,辽源市
辽源,辽源市
吉林,吉林市
吉林,吉林市
吉林,吉林市
长春,长春市
长春,长春市
延边,龙井
长春,长春市
白山,白山市
白山,白山市
长春,长春市
长春,长春市
松原,松原市
松原,松原市
延边,汪清
长春,长春市
松原,松原市
吉林,吉林市
长春,长春市
长春,长春市
长春,长春市
长春,长春市
延边,延吉市
松原,松原市
长春,长春市
延边,延吉市
四平,梨树
四平,梨树
四平,梨树
长春,双阳
吉林,吉林市
吉林,吉林市
延边,和龙
通化,柳河
通化,柳河
长春,德惠
长春,长春市
通化,通化市
长春,长春市
四平,四平市
四平,四平市
长春,长春市
通化,通化市
通化,通化县
通化,通化县
长春,长春市
四平,梨树
松原,扶余
长春,长春市
松原,松原市
白山,临江
白山,临江
白山,临江
长春,长春市
白城,白城市
白城,白城市
长春,长春市
辽源,东丰
长春,长春市
松原,松原市
松原,松原市
吉林,吉林市
延边,敦化
延边,敦化
延边,敦化
吉林,吉林市
吉林,吉林市
吉林,吉林市
吉林,蛟河
吉林,蛟河
松原,松原市
辽源,东丰
辽源,东丰
延边,延吉市
延边,延吉市
通化,通化县
长春,长春市
长春,长春市
长春,长春市
长春,长春市
长春,长春市
长春,长春市
松原,乾安
松原,乾安
白城,白城市
白城,白城市
白城,白城市
吉林,吉林市
延边,敦化
长春,长春市
长春,长春市
长春,九台
延边,敦化
白城,洮南
长春,长春市
松原,松原市
松原,松原市
白城,大安
白城,大安
长春,长春市
长春,长春市
白城,白城市
吉林,蛟河
长春,长春市
白城,大安
长春,长春市
白山,临江
白山,临江
长春,长春市
白城,洮南
白城,洮南
白城,镇赉
长春,榆树
长春,榆树
四平,伊通
四平,伊通
白城,镇赉
白城,镇赉
松原,乾安
松原,乾安
白城,洮南
长春,长春市
长春,长春市
延边,敦化
四平,公主岭
四平,公主岭
长春,长春市
长春,长春市
长春,长春市
长春,长春市
长春,长春市
白城,镇赉
四平,公主岭
四平,伊通
四平,伊通
四平,公主岭
四平,公主岭
延边,延吉市
四平,公主岭
四平,公主岭
白城,镇赉
四平,公主岭
长春,榆树
四平,四平市
四平,公主岭
松原,松原市
松原,松原市
四平,公主岭
四平,公主岭
白城,镇赉
长春,德惠
长春,德惠
四平,公主岭
四平,公主岭
四平,公主岭
长春,长春市
四平,公主岭
四平,公主岭
四平,公主岭
松原,松原市
白城,镇赉
长春,长春市
长春,长春市
四平,公主岭
四平,公主岭
四平,公主岭
四平,公主岭
四平,公主岭
四平,公主岭
延边,和龙
松原,松原市
长春,农安
长春,农安
长春,长春市
四平,公主岭
四平,公主岭
四平,公主岭
四平,公主岭
四平,公主岭
白城,镇赉
吉林,吉林市
白城,镇赉
长春,德惠
四平,公主岭
长春,农安
长春,农安
长春,农安
长春,农安
长春,榆树
四平,四平市
四平,四平市
四平,四平市
四平,四平市
四平,四平市
四平,四平市
四平,四平市
四平,四平市
四平,四平市
四平,四平市
四平,四平市
四平,四平市
四平,四平市
四平,四平市
四平,四平市
通化,通化市
白城,白城市
长春,九台
通化,梅河口
白城,白城市
长春,长春市
长春,长春市
吉林,永吉
长春,德惠
通化,通化市
通化,通化市
长春,榆树
松原,松原市
松原,松原市
松原,松原市
松原,松原市
松原,松原市
松原,松原市
松原,松原市
松原,松原市
松原,松原市
松原,松原市
长春,长春市
长春,长春市
白城,镇赉
白城,镇赉
通化,通化县
长春,长春市
长春,长春市
松原,松原市
白城,白城市
长春,长春市
白山,抚松
松原,松原市
松原,松原市
松原,松原市
松原,松原市
松原,松原市
长春,长春市
长春,农安
长春,农安
长春,农安
长春,长春市
长春,长春市
长春,长春市
长春,德惠
通化,通化市
长春,九台
长春,九台
吉林,蛟河
吉林,蛟河
白山,白山市
辽源,辽源市
辽源,辽源市
长春,双阳
白山,抚松
白山,抚松
白山,抚松
辽源,东丰
吉林,舒兰
吉林,舒兰
吉林,舒兰
四平,伊通
长春,双阳
长春,长春市
辽源,东丰
吉林,吉林市
长春,榆树
长春,长春市
长春,榆树
长春,榆树
白山,抚松
吉林,吉林市
长春,长春市
延边,敦化
辽源,辽源市
辽源,东辽
辽源,辽源市
辽源,辽源市
辽源,辽源市
辽源,辽源市
吉林,舒兰
吉林,舒兰
吉林,舒兰
吉林,舒兰
吉林,舒兰
四平,四平市
四平,四平市
吉林,吉林市
延边,珲春市
延边,延吉市
延边,珲春市
延边,龙井
四平,四平市
四平,四平市
吉林,吉林市
长春,九台
长春,九台
长春,德惠
长春,双阳
长春,榆树
长春,长春市
长春,长春市
长春,长春市
吉林,吉林市
长春,长春市
长春,长春市
松原,松原市
松原,松原市
长春,长春市
通化,辉南
长春,榆树
长春,榆树
吉林,吉林市
吉林,吉林市
长春,长春市
延边,延吉市
长春,长春市
长春,长春市
长春,长春市
通化,柳河
延边,延吉市
延边,延吉市
长春,九台
长春,九台
吉林,吉林市
长春,长春市
通化,梅河口
通化,梅河口
四平,公主岭
四平,公主岭
四平,公主岭
松原,松原市
松原,松原市
白山,白山市
白山,白山市
长春,九台
吉林,永吉
长春,长春市
长春,长春市
白山,抚松
延边,延吉市
延边,延吉市
长春,长春市
延边,珲春市
延边,珲春市
延边,珲春市
通化,辉南
长春,双阳
长春,双阳
长春,双阳
吉林,吉林市
吉林,吉林市
松原,松原市
松原,松原市
长春,长春市
延边,延吉市
长春,长春市
长春,长春市
长春,长春市
长春,长春市
长春,长春市
长春,长春市
白城,白城市
吉林,吉林市
吉林,吉林市
延边,延吉市
延边,延吉市
通化,柳河
长春,长春市
长春,长春市
延边,延吉市
吉林,吉林市
吉林,吉林市
四平,四平市
长春,长春市
长春,长春市
长春,长春市
长春,长春市
白山,白山市
白山,白山市
长春,长春市
长春,长春市
松原,松原市
松原,松原市
长春,长春市
通化,通化市
通化,通化市
长春,长春市
辽源,辽源市
辽源,辽源市
吉林,吉林市
长春,长春市
白城,大安
吉林,吉林市
吉林,吉林市
长春,长春市
长春,长春市
长春,长春市
长春,长春市
长春,长春市
长春,长春市
吉林,吉林市
吉林,舒兰
吉林,舒兰
吉林,舒兰
吉林,舒兰
白城,通榆
白城,通榆
长春,九台
辽源,东丰
辽源,东丰
延边,汪清
延边,汪清
延边,延吉市
长春,长春市
松原,松原市
长春,长春市
长春,长春市
吉林,吉林市
吉林,吉林市
长春,长春市
长春,长春市
长春,长春市
长春,长春市
长春,长春市
四平,双辽
四平,双辽
吉林,桦甸
延边,敦化
延边,敦化
吉林,吉林市
吉林,吉林市
长春,长春市
四平,四平市
四平,四平市
长春,九台
白山,临江
白山,白山市
白山,白山市
延边,延吉市
四平,四平市
延边,延吉市
吉林,永吉
吉林,永吉
吉林,吉林市
松原,松原市
松原,松原市
松原,松原市
四平,四平市
四平,伊通
四平,伊通
四平,伊通
长春,长春市
长春,长春市
长春,农安
长春,农安
通化,通化市
吉林,吉林市
吉林,吉林市
长春,长春市
松原,扶余
白山,白山市
白山,白山市
吉林,舒兰
吉林,桦甸
吉林,桦甸
吉林,桦甸
延边,延吉市
白城,大安
白城,大安
辽源,辽源市
长春,九台
辽源,辽源市
吉林,吉林市
长春,长春市
白山,白山市
白山,白山市
长春,长春市
长春,长春市
长春,九台
延边,延吉市
长春,长春市
吉林,吉林市
长春,长春市
长春,农安
长春,农安
长春,农安
长春,农安
长春,农安
长春,长春市
长春,长春市
长春,长春市
长春,长春市
长春,长春市
长春,长春市
长春,长春市
长春,长春市
长春,长春市
长春,农安
吉林,吉林市
吉林,吉林市
长春,长春市
延边,延吉市
长春,长春市
松原,松原市
通化,通化市
延边,延吉市
长春,长春市
通化,辉南
通化,通化市
通化,通化县
通化,通化县
通化,通化县
长春,长春市
吉林,蛟河
长春,长春市
吉林,蛟河
长春,长春市
吉林,桦甸
吉林,桦甸
吉林,吉林市
长春,长春市
白城,镇赉
白城,镇赉
白城,镇赉
白城,镇赉
通化,通化市
白山,临江
长春,长春市
吉林,吉林市
吉林,吉林市
吉林,吉林市
吉林,吉林市
长春,长春市
长春,长春市
长春,长春市
长春,长春市
长春,长春市
长春,长春市
长春,长春市
长春,长春市
长春,长春市
长春,长春市
松原,松原市
松原,松原市
长春,长春市
吉林,吉林市
吉林,吉林市
通化,柳河
长春,长春市
白山,长白
长春,长春市
吉林,吉林市
长春,双阳
吉林,吉林市
吉林,吉林市
长春,长春市
吉林,吉林市
吉林,吉林市
吉林,吉林市
吉林,吉林市
延边,延吉市
长春,长春市
四平,四平市
长春,长春市
吉林,吉林市
长春,九台
长春,九台
长春,长春市
长春,长春市
长春,长春市
通化,通化市
通化,通化市
通化,通化市
白城,白城市
吉林,桦甸
吉林,桦甸
吉林,桦甸
白山,江源
白山,江源
白山,江源
长春,长春市
长春,长春市
辽源,东丰
长春,长春市
长春,长春市
四平,公主岭
白山,江源
松原,松原市
松原,松原市
松原,松原市
长春,九台
长春,九台
长春,榆树
延边,敦化
延边,敦化
白山,白山市
通化,通化县
通化,通化县
长春,长春市
长春,长春市
长春,长春市
长春,德惠
长春,德惠
长春,长春市
松原,松原市
松原,松原市
通化,梅河口
通化,梅河口
白山,白山市
长春,榆树
长春,榆树
长春,榆树
长春,榆树
长春,榆树
长春,长春市
长春,长春市
吉林,吉林市
吉林,吉林市
延边,和龙
延边,和龙
四平,四平市
四平,四平市
四平,四平市
白山,白山市
白山,白山市
长春,九台
长春,长春市
长春,长春市
长春,长春市
通化,梅河口
长春,长春市
长春,长春市
通化,梅河口
松原,长岭
白山,白山市
长春,长春市
长春,长春市
长春,长春市
通化,梅河口
四平,公主岭
松原,松原市
松原,松原市
长春,九台
白山,江源
白山,江源
白山,江源
长春,长春市
长春,长春市
长春,长春市
长春,长春市
长春,长春市
吉林,吉林市
吉林,吉林市
吉林,永吉
吉林,永吉
吉林,吉林市
吉林,吉林市
通化,辉南
四平,伊通
延边,延吉市
白山,临江
白山,临江
白山,临江
延边,延吉市
松原,松原市
松原,松原市
长春,农安
长春,长春市
通化,辉南
通化,辉南
长春,长春市
长春,长春市
白山,临江
长春,长春市
长春,长春市
通化,通化市
通化,通化市
长春,长春市
四平,伊通
长春,长春市
吉林,永吉
长春,长春市
长春,长春市
延边,汪清
长春,长春市
长春,长春市
长春,长春市
长春,长春市
四平,四平市
辽源,辽源市
吉林,吉林市
白山,抚松
长春,长春市
松原,扶余
长春,长春市
延边,敦化
四平,四平市
长春,长春市
长春,双阳
长春,双阳
白山,长白
白山,临江
白山,白山市
长春,长春市
长春,长春市
松原,松原市
松原,松原市
长春,长春市
四平,四平市
长春,农安
吉林,吉林市
吉林,吉林市
松原,松原市
长春,榆树
白山,临江
白山,临江
长春,长春市
长春,长春市
长春,长春市
白山,江源
通化,通化市
通化,通化市
白城,白城市
白城,白城市
白城,白城市
长春,长春市
吉林,吉林市
吉林,吉林市
辽源,辽源市
长春,榆树
长春,榆树
吉林,吉林市
吉林,吉林市
长春,长春市
延边,延吉市
延边,延吉市
白城,通榆
吉林,吉林市
吉林,吉林市
长春,长春市
长春,长春市
长春,长春市
长春,长春市
辽源,东丰
白山,白山市
长春,长春市
白山,江源
通化,通化市
长春,长春市
长春,长春市
长春,长春市
长春,长春市
吉林,吉林市
白山,江源
延边,延吉市
延边,延吉市
长春,长春市
通化,集安
通化,集安
长春,长春市
长春,长春市
延边,珲春市
通化,通化市
通化,集安
白城,白城市
长春,农安
长春,农安
延边,延吉市
延边,延吉市
白山,长白
白山,长白
延边,延吉市
延边,图们
长春,长春市
长春,长春市
长春,长春市
延边,延吉市
延边,延吉市
辽源,辽源市
辽源,辽源市
辽源,辽源市
松原,松原市
松原,松原市
松原,长岭
长春,长春市
长春,长春市
吉林,吉林市
吉林,吉林市
吉林,永吉
长春,长春市
长春,长春市
吉林,吉林市
吉林,吉林市
吉林,吉林市
通化,通化市
白城,洮南
白城,洮南
白山,白山市
白山,白山市
白山,白山市
长春,长春市
白山,抚松
白山,抚松
白城,白城市
长春,德惠
白城,镇赉
吉林,吉林市
长春,长春市
吉林,吉林市
吉林,吉林市
吉林,吉林市
吉林,吉林市
吉林,吉林市
辽源,辽源市
辽源,辽源市
通化,辉南
通化,辉南
白城,镇赉
长春,德惠
四平,四平市
长春,长春市
长春,长春市
吉林,吉林市
吉林,吉林市
吉林,吉林市
长春,长春市
通化,集安
吉林,吉林市
长春,长春市
长春,长春市
长春,长春市
白城,镇赉
吉林,磐石
松原,乾安
延边,珲春市
延边,珲春市
长春,长春市
长春,九台
长春,长春市
长春,长春市
长春,长春市
长春,长春市
长春,长春市
白城,洮南
白城,洮南
长春,农安
白山,临江
长春,长春市
长春,农安
长春,农安
长春,长春市
通化,柳河
长春,长春市
长春,长春市
白城,白城市
白山,白山市
松原,松原市
松原,松原市
松原,松原市
白城,白城市
四平,伊通
松原,松原市
松原,松原市
松原,松原市
白城,洮南
长春,长春市
白城,洮南
长春,长春市
长春,长春市
长春,长春市
吉林,吉林市
吉林,吉林市
松原,松原市
白山,白山市
长春,长春市
长春,长春市
白山,白山市
长春,长春市
通化,通化市
长春,长春市
长春,农安
长春,农安
四平,公主岭
四平,伊通
长春,长春市
长春,德惠
白城,白城市
辽源,辽源市
长春,农安
长春,农安
辽源,东辽
辽源,辽源市
通化,通化市
长春,农安
长春,农安
吉林,桦甸
松原,松原市
长春,长春市
长春,九台
长春,九台
长春,长春市
吉林,吉林市
长春,德惠
长春,长春市
吉林,吉林市
松原,松原市
松原,松原市
长春,长春市
长春,长春市
长春,德惠
长春,长春市
长春,长春市
延边,龙井
延边,龙井
延边,龙井
吉林,吉林市
白山,抚松
白山,抚松
长春,长春市
吉林,吉林市
吉林,吉林市
吉林,磐石
延边,安图
通化,通化市
吉林,吉林市
吉林,吉林市
吉林,吉林市
白城,大安
白城,大安
白城,大安
白城,大安
长春,德惠
长春,德惠
长春,榆树
长春,榆树
松原,松原市
松原,松原市
长春,长春市
白城,白城市
吉林,舒兰
吉林,舒兰
白山,靖宇
长春,长春市
四平,四平市
四平,四平市
长春,长春市
长春,长春市
长春,长春市
长春,长春市
四平,四平市
延边,延吉市
通化,梅河口
长春,长春市
长春,长春市
长春,长春市
长春,长春市
长春,长春市
通化,梅河口
通化,通化市
长春,榆树
白城,洮南
吉林,吉林市
长春,长春市
白山,江源
长春,德惠
通化,辉南
通化,通化市
通化,通化市
通化,通化市
长春,长春市
白城,白城市
长春,农安
长春,九台
长春,长春市
白山,白山市
长春,长春市
延边,延吉市
长春,长春市
长春,九台
长春,榆树
长春,长春市
长春,长春市
长春,德惠
长春,九台
长春,九台
辽源,东丰
辽源,东丰
吉林,吉林市
吉林,永吉
通化,梅河口
长春,长春市
长春,农安
长春,九台
长春,九台
吉林,吉林市
吉林,吉林市
长春,长春市
白山,江源
通化,通化市
吉林,吉林市
吉林,桦甸
吉林,桦甸
白城,镇赉
吉林,吉林市
延边,延吉市
白山,临江
长春,长春市
吉林,吉林市
通化,辉南
通化,辉南
四平,四平市
四平,四平市
四平,四平市
长春,长春市
长春,长春市
松原,松原市
长春,德惠
吉林,吉林市
延边,延吉市
长春,长春市
四平,四平市
四平,四平市
长春,长春市
长春,长春市
白城,镇赉
白城,镇赉
白城,白城市
白城,白城市
长春,长春市
长春,长春市
吉林,吉林市
吉林,吉林市
长春,长春市
长春,长春市
长春,长春市
长春,长春市
长春,长春市
长春,长春市
吉林,吉林市
吉林,吉林市
长春,长春市
长春,长春市
吉林,吉林市
长春,农安
长春,农安
延边,延吉市
延边,延吉市
长春,长春市
长春,长春市
延边,珲春市
延边,珲春市
延边,延吉市
延边,延吉市
吉林,吉林市
吉林,吉林市
通化,通化县
长春,长春市
松原,松原市
四平,伊通
吉林,舒兰
吉林,吉林市
长春,长春市
吉林,蛟河
延边,敦化
长春,长春市
长春,长春市
长春,长春市
长春,长春市
吉林,吉林市
吉林,吉林市
吉林,吉林市
白城,洮南
四平,四平市
长春,长春市
通化,通化市
长春,长春市
延边,延吉市
延边,汪清
吉林,吉林市
松原,松原市
四平,公主岭
四平,公主岭
长春,长春市
四平,公主岭
四平,公主岭
吉林,吉林市
吉林,吉林市
长春,长春市
四平,伊通
四平,伊通
四平,伊通
白山,长白
长春,长春市
四平,四平市
松原,松原市
四平,公主岭
四平,公主岭
四平,公主岭
长春,长春市
四平,公主岭
长春,长春市
长春,长春市
长春,长春市
长春,长春市
长春,长春市
四平,公主岭
四平,公主岭
通化,梅河口
通化,梅河口
通化,梅河口
通化,梅河口
通化,梅河口
通化,梅河口
通化,梅河口
通化,梅河口
通化,梅河口
通化,梅河口
长春,长春市
长春,农安
长春,长春市
辽源,辽源市
辽源,辽源市
长春,长春市
通化,梅河口
吉林,磐石
吉林,磐石
长春,长春市
长春,长春市
长春,长春市
长春,长春市
长春,长春市
通化,通化市
通化,通化市
通化,通化市
长春,长春市
长春,长春市
长春,长春市
延边,延吉市
通化,通化市
延边,汪清
长春,双阳
长春,双阳
长春,长春市
长春,长春市
白城,洮南
吉林,永吉
吉林,永吉
长春,长春市
长春,德惠
长春,长春市
长春,长春市
吉林,吉林市
延边,安图
长春,长春市
吉林,桦甸
长春,长春市
通化,柳河
长春,德惠
长春,长春市
长春,长春市
长春,长春市
长春,长春市
长春,长春市
通化,辉南
四平,伊通
四平,伊通
长春,农安
长春,德惠
长春,德惠
长春,长春市
吉林,蛟河
吉林,桦甸
长春,长春市
延边,安图
白城,白城市
白城,白城市
长春,长春市
延边,和龙
延边,和龙
通化,集安
长春,长春市
吉林,吉林市
辽源,东丰
辽源,东丰
吉林,吉林市
吉林,吉林市
长春,双阳
长春,双阳
四平,伊通
四平,伊通
延边,珲春市
白山,白山市
白山,白山市
长春,长春市
长春,长春市
长春,德惠
白城,镇赉
白城,镇赉
长春,长春市
延边,和龙
延边,和龙
长春,长春市
四平,四平市
四平,公主岭
长春,长春市
延边,和龙
延边,和龙
四平,公主岭
四平,公主岭
四平,公主岭
辽源,东辽
延边,龙井
延边,龙井
白山,长白
四平,公主岭
通化,通化市
通化,通化市
通化,通化市
通化,通化市
长春,长春市
延边,和龙
延边,和龙
长春,双阳
长春,榆树
四平,四平市
延边,安图
延边,安图
长春,长春市
长春,长春市
四平,四平市
长春,长春市
长春,长春市
长春,长春市
松原,松原市
松原,松原市
松原,松原市
通化,柳河
通化,柳河
通化,柳河
通化,柳河
通化,柳河
通化,柳河
通化,柳河
通化,柳河
通化,柳河
通化,柳河
长春,德惠
长春,长春市
长春,双阳
松原,松原市
松原,松原市
长春,长春市
长春,德惠
长春,德惠
长春,德惠
长春,长春市
松原,松原市
松原,松原市
四平,四平市
四平,四平市
长春,长春市
长春,长春市
长春,长春市
长春,长春市
长春,长春市
长春,长春市
长春,长春市
长春,长春市
四平,伊通
四平,伊通
四平,伊通
四平,伊通
四平,伊通
长春,长春市
长春,长春市
延边,延吉市
长春,长春市
长春,九台
延边,延吉市
长春,长春市
白城,大安
延边,延吉市
四平,四平市
四平,四平市
辽源,东丰
白山,临江
白城,大安
通化,通化县
通化,通化市
长春,长春市
长春,长春市
长春,长春市
长春,长春市
白城,白城市
通化,梅河口
松原,松原市
松原,松原市
延边,延吉市
延边,安图
白城,大安
白城,白城市
白城,白城市
白城,白城市
长春,长春市
长春,长春市
辽源,东辽
辽源,东辽
辽源,东辽
辽源,东辽
辽源,东辽
辽源,东辽
辽源,东辽
辽源,东辽
四平,四平市
长春,长春市
长春,榆树
吉林,吉林市
通化,柳河
通化,辉南
白山,靖宇
松原,松原市
长春,长春市
通化,辉南
长春,长春市
吉林,吉林市
白山,临江
白山,临江
白山,临江
延边,延吉市
延边,延吉市
吉林,磐石
四平,四平市
四平,四平市
长春,德惠
长春,长春市
吉林,吉林市
吉林,磐石
长春,长春市
长春,长春市
吉林,磐石
吉林,磐石
长春,榆树
四平,四平市
通化,通化市
通化,通化市
长春,长春市
长春,长春市
白山,江源
长春,榆树
长春,榆树
通化,通化市
通化,通化市
通化,通化市
白城,通榆
白城,通榆
松原,长岭
松原,长岭
长春,长春市
长春,榆树
长春,榆树
长春,长春市
长春,长春市
长春,九台
长春,双阳
长春,九台
长春,九台
长春,长春市
吉林,吉林市
四平,双辽
长春,长春市
长春,长春市
长春,长春市
吉林,磐石
吉林,桦甸
吉林,吉林市
吉林,吉林市
吉林,吉林市
吉林,吉林市
吉林,桦甸
吉林,吉林市
吉林,吉林市
通化,通化市
通化,通化市
四平,四平市
四平,四平市
四平,四平市
长春,德惠
长春,德惠
延边,安图
辽源,辽源市
长春,长春市
通化,通化市
辽源,辽源市
辽源,辽源市
通化,通化市
通化,通化市
通化,通化市
长春,长春市
长春,九台
长春,九台
长春,长春市
四平,双辽
四平,四平市
吉林,吉林市
四平,四平市
长春,九台
松原,松原市
长春,长春市
白山,白山市
松原,松原市
松原,松原市
延边,延吉市
白城,白城市
白城,白城市
白城,白城市
四平,伊通
白城,洮南
四平,四平市
四平,四平市
四平,四平市
吉林,吉林市
吉林,吉林市
通化,通化市
吉林,吉林市
四平,四平市
四平,四平市
长春,长春市
四平,公主岭
吉林,桦甸
白城,白城市
四平,四平市
白山,白山市
白山,白山市
白山,靖宇
白山,靖宇
四平,四平市
四平,四平市
长春,长春市
长春,长春市
四平,四平市
四平,四平市
长春,长春市
长春,长春市
白山,白山市
白城,白城市
长春,长春市
吉林,桦甸
白山,抚松
白山,抚松
四平,公主岭
四平,四平市
长春,德惠
吉林,永吉
吉林,永吉
长春,长春市
长春,长春市
长春,长春市
长春,德惠
延边,和龙
长春,德惠
长春,德惠
长春,德惠
通化,通化市
长春,长春市
通化,辉南
通化,辉南
四平,伊通
四平,伊通
松原,松原市
长春,农安
长春,长春市
四平,伊通
长春,九台
松原,松原市
长春,长春市
白山,抚松
白城,白城市
吉林,吉林市
长春,长春市
四平,伊通
四平,伊通
长春,双阳
四平,四平市
长春,长春市
四平,四平市
通化,集安
长春,长春市
长春,长春市
长春,长春市
四平,四平市
四平,四平市
延边,延吉市
长春,长春市
白山,白山市
白山,江源
白山,江源
白山,白山市
四平,四平市
四平,四平市
四平,四平市
四平,四平市
白山,白山市
长春,长春市
延边,龙井
长春,长春市
长春,长春市
长春,长春市
通化,通化市
辽源,东丰
辽源,东丰
长春,长春市
长春,长春市
吉林,吉林市
吉林,吉林市
四平,公主岭
延边,珲春市
延边,珲春市
四平,公主岭
四平,公主岭
吉林,蛟河
四平,四平市
白山,抚松
白山,抚松
长春,长春市
四平,四平市
辽源,东辽
辽源,辽源市
长春,长春市
长春,长春市
四平,四平市
四平,四平市
长春,长春市
长春,长春市
吉林,吉林市
吉林,吉林市
延边,延吉市
延边,延吉市
延边,延吉市
吉林,蛟河
长春,长春市
长春,长春市
吉林,吉林市
吉林,吉林市
延边,珲春市
延边,珲春市
松原,松原市
松原,松原市
吉林,吉林市
白城,白城市
白城,白城市
白城,白城市
辽源,东丰
长春,长春市
延边,延吉市
延边,延吉市
延边,延吉市
长春,长春市
吉林,吉林市
吉林,吉林市
吉林,吉林市
松原,松原市
松原,松原市
长春,长春市
长春,长春市
四平,伊通
四平,伊通
白城,白城市
长春,长春市
长春,长春市
吉林,吉林市
吉林,桦甸
四平,伊通
松原,长岭
松原,长岭
松原,长岭
松原,长岭
松原,长岭
吉林,桦甸
四平,双辽
四平,双辽
通化,通化市
延边,延吉市
长春,长春市
白山,靖宇
白山,靖宇
吉林,吉林市
长春,长春市
吉林,吉林市
白城,洮南
白城,洮南
长春,长春市
长春,长春市
四平,四平市
长春,长春市
长春,长春市
吉林,吉林市
白山,临江
长春,长春市
白山,白山市
白山,白山市
四平,四平市
四平,四平市
松原,松原市
长春,长春市
长春,长春市
四平,四平市
延边,延吉市
松原,松原市
松原,松原市
松原,松原市
松原,松原市
长春,长春市
白城,镇赉
白城,镇赉
长春,长春市
长春,榆树
长春,榆树
长春,长春市
长春,长春市
长春,九台
白山,江源
通化,通化市
白城,洮南
白城,洮南
通化,梅河口
四平,四平市
四平,伊通
四平,伊通
长春,长春市
长春,长春市
白山,临江
白城,通榆
长春,长春市
长春,长春市
长春,长春市
长春,长春市
长春,榆树
长春,榆树
长春,长春市
四平,公主岭
四平,公主岭
长春,长春市
长春,农安
长春,长春市
长春,长春市
白城,洮南
白城,洮南
长春,长春市
长春,长春市
长春,长春市
吉林,吉林市
四平,四平市
延边,龙井
长春,长春市
长春,长春市
长春,长春市
长春,长春市
吉林,吉林市
吉林,吉林市
四平,梨树
四平,梨树
吉林,吉林市
长春,长春市
四平,四平市
四平,四平市
四平,四平市
四平,四平市
四平,四平市
四平,四平市
四平,四平市
四平,四平市
长春,德惠
长春,长春市
通化,柳河
长春,长春市
长春,榆树
吉林,吉林市
四平,伊通
四平,伊通
长春,长春市
松原,松原市
松原,松原市
松原,松原市
通化,通化市
长春,德惠
长春,德惠
白城,白城市
辽源,辽源市
白山,临江
辽源,辽源市
辽源,辽源市
辽源,辽源市
长春,长春市
通化,辉南
通化,通化市
辽源,辽源市
长春,长春市
通化,柳河
通化,柳河
通化,柳河
白城,镇赉
白城,镇赉
吉林,吉林市
辽源,辽源市
松原,松原市
松原,松原市
白山,白山市
吉林,桦甸
吉林,桦甸
白山,长白
延边,图们
通化,通化市
延边,安图
延边,安图
四平,四平市
四平,四平市
四平,四平市
四平,四平市
四平,四平市
四平,四平市
四平,四平市
四平,四平市
四平,四平市
四平,四平市
四平,四平市
四平,四平市
四平,四平市
四平,四平市
长春,长春市
通化,柳河
通化,辉南
长春,长春市
通化,梅河口
长春,长春市
长春,长春市
通化,柳河
长春,农安
长春,九台
长春,九台
四平,公主岭
四平,公主岭
四平,公主岭
四平,公主岭
长春,德惠
四平,公主岭
四平,公主岭
四平,公主岭
四平,公主岭
白山,抚松
通化,集安
通化,集安
四平,公主岭
通化,梅河口
通化,梅河口
长春,长春市
长春,榆树
长春,榆树
白山,靖宇
白山,靖宇
吉林,吉林市
通化,通化市
通化,通化市
长春,长春市
通化,梅河口
通化,梅河口
通化,梅河口
通化,通化市
长春,九台
四平,公主岭
白城,镇赉
白城,镇赉
四平,四平市
松原,松原市
松原,松原市
吉林,吉林市
辽源,东辽
长春,德惠
吉林,吉林市
白城,通榆
白城,通榆
白城,通榆
辽源,东丰
辽源,东丰
辽源,东丰
白城,镇赉
通化,通化市
长春,长春市
长春,长春市
四平,公主岭
吉林,吉林市
四平,公主岭
长春,长春市
四平,四平市
长春,德惠
四平,四平市
四平,四平市
白城,通榆
白城,通榆
白城,通榆
四平,双辽
四平,双辽
四平,双辽
长春,长春市
长春,长春市
长春,榆树
四平,公主岭
白城,镇赉
长春,长春市
吉林,吉林市
松原,松原市
长春,长春市
四平,梨树
四平,梨树
松原,松原市
长春,长春市
长春,长春市
吉林,吉林市
吉林,吉林市
通化,梅河口
通化,梅河口
四平,公主岭
长春,长春市
长春,长春市
长春,长春市
通化,通化市
长春,长春市
长春,长春市
长春,长春市
延边,安图
延边,敦化
延边,敦化
四平,伊通
长春,农安
长春,农安
长春,农安
长春,农安
四平,四平市
长春,长春市
延边,安图
吉林,吉林市
吉林,磐石
吉林,磐石
长春,长春市
长春,长春市
辽源,辽源市
吉林,磐石
吉林,磐石
白山,白山市
四平,双辽
吉林,吉林市
吉林,吉林市
吉林,吉林市
长春,长春市
吉林,吉林市
长春,长春市
四平,公主岭
吉林,吉林市
吉林,永吉
吉林,永吉
吉林,吉林市
吉林,吉林市
吉林,吉林市
长春,农安
长春,农安
长春,农安
长春,长春市
吉林,吉林市
长春,长春市
长春,长春市
四平,梨树
四平,梨树
长春,长春市
吉林,吉林市
长春,农安
长春,农安
长春,农安
长春,长春市
长春,双阳
长春,双阳
吉林,吉林市
松原,扶余
松原,扶余
延边,汪清
延边,汪清
延边,汪清
吉林,蛟河
吉林,蛟河
四平,四平市
四平,四平市
吉林,吉林市
长春,长春市
长春,长春市
通化,通化市
白山,白山市
白山,抚松
长春,农安
长春,农安
长春,长春市
通化,集安
通化,梅河口
通化,梅河口
长春,长春市
长春,长春市
长春,长春市
四平,四平市
四平,四平市
延边,延吉市
延边,延吉市
四平,四平市
长春,德惠
长春,德惠
长春,长春市
长春,长春市
松原,松原市
辽源,辽源市
长春,长春市
通化,集安
通化,集安
四平,公主岭
长春,长春市
白山,白山市
白山,江源
白山,白山市
白山,白山市
白山,白山市
长春,长春市
长春,长春市
吉林,吉林市
吉林,吉林市
吉林,吉林市
四平,公主岭
四平,公主岭
延边,珲春市
延边,珲春市
长春,长春市
长春,长春市
通化,通化县
白山,白山市
白山,白山市
长春,长春市
长春,长春市
长春,长春市
长春,长春市
白山,临江
白山,临江
白山,临江
白山,白山市
白山,临江
松原,长岭
松原,长岭
白山,白山市
长春,长春市
吉林,吉林市
长春,农安
四平,四平市
四平,四平市
四平,公主岭
吉林,蛟河
长春,长春市
四平,四平市
四平,四平市
四平,公主岭
通化,柳河
白城,通榆
白城,通榆
白城,通榆
白城,通榆
白城,通榆
松原,长岭
长春,长春市
长春,长春市
通化,辉南
长春,农安
长春,农安
辽源,辽源市
四平,四平市
白城,镇赉
长春,双阳
长春,双阳
长春,长春市
吉林,吉林市
白城,洮南
白城,洮南
松原,长岭
长春,长春市
松原,长岭
松原,松原市
吉林,吉林市
吉林,吉林市
通化,通化市
通化,通化市
延边,敦化
长春,长春市
长春,长春市
长春,榆树
辽源,东辽
通化,梅河口
长春,农安
四平,公主岭
长春,长春市
松原,松原市
吉林,吉林市
四平,四平市
吉林,吉林市
吉林,吉林市
长春,九台
长春,双阳
长春,双阳
长春,长春市
白山,白山市
白山,白山市
长春,长春市
长春,长春市
通化,通化市
通化,梅河口
通化,梅河口
通化,梅河口
辽源,东辽
四平,双辽
长春,德惠
吉林,吉林市
吉林,吉林市
长春,长春市
长春,长春市
长春,长春市
长春,长春市
四平,四平市
辽源,东辽
辽源,东辽
四平,公主岭
四平,公主岭
长春,长春市
延边,延吉市
延边,延吉市
白山,靖宇
白山,靖宇
长春,长春市
四平,公主岭
四平,公主岭
吉林,吉林市
四平,伊通
四平,伊通
四平,四平市
长春,长春市
通化,通化市
长春,长春市
吉林,吉林市
长春,长春市
长春,长春市
长春,长春市
白山,临江
延边,珲春市
延边,珲春市
四平,公主岭
四平,公主岭
四平,公主岭
四平,公主岭
松原,扶余
白城,通榆
白城,通榆
白城,通榆
白城,通榆
长春,长春市
吉林,吉林市
延边,延吉市
延边,延吉市
长春,榆树
白城,大安
白城,大安
吉林,吉林市
长春,长春市
长春,长春市
长春,榆树
长春,长春市
长春,长春市
长春,长春市
长春,长春市
四平,伊通
四平,伊通
四平,公主岭
四平,公主岭
四平,双辽
四平,四平市
通化,梅河口
通化,梅河口
通化,梅河口
四平,四平市
四平,四平市
延边,和龙
通化,梅河口
长春,长春市
长春,长春市
四平,梨树
四平,梨树
四平,梨树
长春,九台
吉林,永吉
延边,延吉市
延边,延吉市
延边,珲春市
松原,长岭
白山,抚松
长春,长春市
四平,四平市
吉林,吉林市
辽源,东丰
辽源,东丰
辽源,东丰
辽源,东丰
长春,长春市
长春,长春市
白城,通榆
白城,通榆
白城,通榆
长春,长春市
松原,松原市
白城,白城市
白城,白城市
白城,白城市
吉林,吉林市
通化,通化县
长春,长春市
长春,长春市
四平,伊通
白城,白城市
延边,汪清
延边,汪清
长春,长春市
四平,公主岭
长春,长春市
长春,长春市
吉林,吉林市
长春,长春市
延边,安图
长春,长春市
长春,长春市
白城,通榆
白城,通榆
白城,通榆
四平,四平市
四平,四平市
长春,长春市
通化,通化市
通化,通化市
通化,通化市
长春,长春市
长春,长春市
白城,镇赉
松原,长岭
松原,长岭
松原,长岭
松原,长岭
松原,长岭
松原,长岭
长春,长春市
白城,镇赉
白城,镇赉
白城,镇赉
长春,长春市
白城,通榆
长春,长春市
长春,长春市
吉林,吉林市
吉林,吉林市
吉林,吉林市
通化,集安
通化,集安
长春,长春市
白山,靖宇
白山,靖宇
吉林,吉林市
长春,长春市
吉林,吉林市
长春,九台
吉林,吉林市
吉林,吉林市
吉林,吉林市
白城,洮南
白城,洮南
长春,德惠
通化,通化市
长春,长春市
吉林,吉林市
吉林,吉林市
松原,松原市
松原,松原市
四平,四平市
四平,四平市
长春,长春市
吉林,吉林市
吉林,吉林市
吉林,吉林市
长春,长春市
长春,长春市
长春,长春市
长春,长春市
长春,长春市
长春,长春市
长春,长春市
四平,四平市
延边,和龙
长春,长春市
长春,长春市
白城,镇赉
长春,长春市
长春,农安
吉林,吉林市
吉林,吉林市
四平,公主岭
四平,公主岭
辽源,辽源市
四平,公主岭
四平,公主岭
吉林,吉林市
吉林,吉林市
通化,通化市
通化,通化市
辽源,辽源市
辽源,辽源市
长春,长春市
长春,长春市
长春,长春市
长春,长春市
吉林,吉林市
吉林,吉林市
通化,通化市
白山,靖宇
白山,靖宇
四平,公主岭
四平,公主岭
长春,九台
长春,九台
长春,德惠
四平,四平市
白山,白山市
白山,白山市
辽源,辽源市
辽源,辽源市
辽源,辽源市
松原,松原市
长春,长春市
松原,松原市
长春,长春市
长春,农安
长春,长春市
长春,长春市
四平,公主岭
四平,公主岭
延边,敦化
长春,长春市
长春,长春市
四平,伊通
四平,伊通
长春,长春市
长春,长春市
延边,珲春市
延边,珲春市
长春,长春市
通化,通化县
通化,通化市
松原,松原市
长春,九台
长春,九台
长春,九台
通化,通化县
通化,通化县
松原,松原市
通化,通化县
通化,通化县
长春,长春市
长春,长春市
通化,通化县
通化,通化县
吉林,吉林市
长春,长春市
长春,长春市
长春,长春市
长春,长春市
吉林,吉林市
吉林,吉林市
四平,公主岭
四平,公主岭
四平,公主岭
长春,农安
长春,农安
长春,农安
长春,长春市
长春,长春市
长春,长春市
延边,延吉市
延边,延吉市
白城,白城市
通化,梅河口
长春,长春市
松原,长岭
松原,长岭
长春,长春市
白城,洮南
松原,松原市
松原,松原市
长春,长春市
长春,农安
白城,白城市
白城,白城市
松原,松原市
白城,白城市
白城,白城市
白城,白城市
白城,白城市
白城,白城市
白城,白城市
长春,长春市
长春,长春市
白城,白城市
白山,白山市
长春,长春市
长春,长春市
松原,松原市
松原,松原市
松原,松原市
通化,梅河口
通化,梅河口
松原,松原市
长春,农安
长春,长春市
四平,梨树
四平,四平市
长春,长春市
四平,四平市
四平,四平市
通化,梅河口
通化,梅河口
长春,长春市
长春,长春市
长春,九台
长春,九台
延边,安图
吉林,桦甸
长春,榆树
长春,榆树
通化,梅河口
通化,梅河口
四平,四平市
四平,四平市
四平,四平市
长春,双阳
长春,长春市
长春,长春市
长春,长春市
长春,长春市
长春,长春市
辽源,东丰
长春,长春市
四平,伊通
长春,长春市
长春,长春市
四平,四平市
四平,四平市
延边,延吉市
延边,延吉市
通化,通化市
四平,四平市
四平,四平市
长春,长春市
长春,长春市
长春,长春市
长春,长春市
长春,长春市
四平,四平市
四平,四平市
长春,长春市
吉林,吉林市
吉林,吉林市
吉林,吉林市
四平,四平市
四平,四平市
四平,四平市
吉林,吉林市
长春,长春市
松原,长岭
延边,和龙
延边,敦化
长春,长春市
长春,长春市
长春,农安
长春,长春市
长春,长春市
白山,抚松
白山,抚松
长春,长春市
长春,长春市
长春,长春市
长春,德惠
四平,四平市
四平,四平市
四平,四平市
辽源,东辽
长春,长春市
长春,长春市
四平,伊通
白城,通榆
白城,通榆
白城,通榆
白城,通榆
白山,抚松
白山,抚松
长春,长春市
松原,松原市
松原,松原市
四平,四平市
四平,四平市
长春,长春市
长春,德惠
长春,长春市
吉林,蛟河
白城,白城市
吉林,蛟河
吉林,吉林市
吉林,吉林市
辽源,东丰
辽源,东丰
四平,四平市
四平,四平市
长春,长春市
长春,九台
长春,九台
长春,九台
长春,德惠
松原,松原市
长春,长春市
松原,松原市
松原,松原市
长春,长春市
长春,长春市
松原,乾安
松原,乾安
长春,长春市
延边,延吉市
延边,延吉市
延边,延吉市
长春,长春市
长春,长春市
长春,长春市
长春,长春市
长春,长春市
长春,长春市
长春,长春市
长春,长春市
长春,长春市
吉林,舒兰
吉林,舒兰
白山,白山市
长春,长春市
长春,榆树
长春,长春市
长春,长春市
白城,洮南
长春,长春市
长春,长春市
长春,长春市
长春,德惠
长春,德惠
长春,德惠
长春,长春市
长春,长春市
吉林,吉林市
白城,镇赉
吉林,吉林市
通化,柳河
通化,柳河
通化,柳河
长春,长春市
长春,长春市
长春,长春市
吉林,吉林市
长春,农安
长春,长春市
长春,长春市
吉林,吉林市
通化,通化市
长春,长春市
长春,双阳
四平,伊通
四平,伊通
松原,松原市
松原,松原市
长春,长春市
长春,长春市
长春,长春市
长春,长春市
通化,梅河口
吉林,吉林市
吉林,舒兰
白城,白城市
白城,白城市
长春,长春市
长春,榆树
长春,榆树
长春,长春市
长春,长春市
松原,松原市
白城,洮南
四平,伊通
四平,伊通
吉林,桦甸
吉林,桦甸
四平,四平市
白城,大安
白城,白城市
四平,伊通
四平,伊通
吉林,桦甸
吉林,桦甸
延边,和龙
长春,长春市
长春,长春市
长春,长春市
长春,长春市
四平,四平市
吉林,舒兰
长春,农安
长春,长春市
长春,长春市
白城,大安
四平,四平市
延边,延吉市
长春,长春市
长春,榆树
长春,长春市
长春,长春市
四平,伊通
四平,伊通
长春,长春市
长春,长春市
长春,长春市
通化,柳河
辽源,东丰
辽源,东丰
吉林,吉林市
长春,榆树
长春,榆树
长春,长春市
长春,长春市
四平,公主岭
长春,长春市
长春,长春市
白城,洮南
长春,长春市
长春,长春市
长春,长春市
长春,长春市
长春,九台
四平,四平市
长春,长春市
延边,延吉市
延边,延吉市
吉林,舒兰
松原,松原市
长春,长春市
四平,四平市
长春,长春市
长春,长春市
长春,双阳
长春,双阳
长春,长春市
吉林,吉林市
吉林,吉林市
通化,通化市
通化,通化市
通化,通化市
辽源,辽源市
白山,白山市
白山,白山市
延边,延吉市
吉林,吉林市
四平,四平市
四平,四平市
通化,通化市
通化,通化市
通化,通化市
通化,通化市
松原,长岭
长春,长春市
通化,通化县
长春,长春市
长春,长春市
吉林,吉林市
长春,双阳
辽源,东丰
长春,长春市
吉林,吉林市
吉林,吉林市
吉林,吉林市
长春,长春市
通化,通化市
通化,通化县
通化,通化市
通化,通化县
吉林,桦甸
吉林,桦甸
吉林,永吉
长春,长春市
长春,长春市
吉林,吉林市
吉林,吉林市
辽源,辽源市
辽源,辽源市
吉林,吉林市
吉林,吉林市
通化,通化市
白城,通榆
长春,长春市
长春,长春市
长春,长春市
松原,松原市
长春,长春市
白城,通榆
白城,白城市
吉林,吉林市
吉林,吉林市
长春,长春市
白城,镇赉
长春,长春市
延边,和龙
延边,和龙
长春,长春市
长春,长春市
长春,长春市
长春,长春市
长春,长春市
长春,九台
吉林,吉林市
吉林,吉林市
吉林,吉林市
白城,洮南
辽源,辽源市
辽源,辽源市
长春,长春市
长春,长春市
长春,长春市
吉林,磐石
长春,长春市
延边,汪清
延边,延吉市
延边,汪清
四平,四平市
长春,长春市
长春,长春市
长春,长春市
长春,长春市
通化,梅河口
长春,长春市
四平,四平市
四平,四平市
长春,长春市
长春,长春市
长春,长春市
延边,和龙
长春,长春市
长春,长春市
长春,长春市
长春,长春市
长春,长春市
长春,长春市
长春,长春市
长春,长春市
四平,伊通
四平,伊通
松原,扶余
松原,松原市
长春,长春市
延边,延吉市
延边,延吉市
吉林,舒兰
松原,松原市
松原,松原市
四平,四平市
松原,松原市
长春,双阳
松原,松原市
吉林,吉林市
吉林,吉林市
松原,松原市
松原,松原市
四平,伊通
辽源,辽源市
延边,安图
白城,白城市
四平,四平市
长春,长春市
通化,通化市
长春,长春市
长春,长春市
白城,洮南
长春,长春市
辽源,辽源市
白城,白城市
白山,白山市
长春,长春市
长春,长春市
长春,长春市
长春,长春市
长春,长春市
长春,长春市
长春,长春市
长春,长春市
长春,长春市
长春,长春市
长春,长春市
长春,长春市
四平,伊通
长春,榆树
长春,榆树
长春,榆树
四平,公主岭
白城,大安
白山,白山市
长春,长春市
辽源,东丰
长春,德惠
白山,临江
白山,临江
通化,柳河
长春,长春市
松原,松原市
长春,长春市
通化,梅河口
通化,梅河口
辽源,辽源市
延边,和龙
延边,和龙
长春,长春市
长春,九台
长春,九台
长春,长春市
长春,农安
长春,农安
吉林,吉林市
白山,江源
吉林,吉林市
通化,梅河口
通化,梅河口
通化,梅河口
吉林,吉林市
吉林,吉林市
长春,长春市
吉林,吉林市
通化,通化市
白城,通榆
白城,通榆
白城,通榆
白城,通榆
长春,长春市
辽源,东辽
辽源,东辽
长春,农安
长春,农安
白城,洮南
白城,洮南
白城,通榆
白城,洮南
长春,农安
长春,农安
长春,农安
长春,榆树
长春,长春市
四平,伊通
四平,伊通
四平,伊通
四平,伊通
四平,伊通
四平,伊通
四平,伊通
四平,伊通
白城,通榆
吉林,吉林市
长春,长春市
长春,长春市
长春,长春市
四平,伊通
延边,延吉市
延边,延吉市
白城,白城市
长春,德惠
长春,长春市
白山,抚松
长春,长春市
四平,公主岭
长春,长春市
通化,通化市
通化,通化市
长春,长春市
通化,梅河口
通化,梅河口
长春,长春市
长春,榆树
长春,榆树
四平,公主岭
吉林,吉林市
吉林,吉林市
吉林,蛟河
吉林,蛟河
吉林,吉林市
吉林,吉林市
吉林,蛟河
白城,白城市
白城,白城市
吉林,蛟河
吉林,蛟河
四平,四平市
四平,四平市
四平,四平市
吉林,吉林市
长春,榆树
长春,长春市
白城,大安
白城,白城市
通化,梅河口
通化,梅河口
长春,长春市
延边,汪清
吉林,磐石
吉林,磐石
延边,延吉市
辽源,辽源市
吉林,吉林市
吉林,吉林市
白城,通榆
通化,通化市
通化,通化市
通化,通化市
通化,通化市
吉林,吉林市
吉林,吉林市
通化,通化市
通化,集安
通化,集安
通化,通化市
白山,抚松
四平,伊通
四平,伊通
吉林,吉林市
通化,通化市
吉林,磐石
白山,抚松
长春,长春市
白山,抚松
长春,长春市
白山,抚松
吉林,吉林市
长春,长春市
长春,双阳
长春,长春市
松原,扶余
松原,乾安
松原,乾安
长春,长春市
吉林,吉林市
四平,公主岭
四平,公主岭
四平,公主岭
四平,公主岭
吉林,舒兰
长春,长春市
长春,长春市
长春,长春市
长春,长春市
四平,四平市
四平,四平市
辽源,辽源市
辽源,辽源市
延边,和龙
长春,长春市
长春,长春市
四平,公主岭
长春,长春市
长春,长春市
延边,敦化
延边,敦化
松原,松原市
松原,松原市
吉林,吉林市
四平,四平市
四平,四平市
长春,长春市
长春,长春市
四平,四平市
通化,通化市
吉林,吉林市
四平,伊通
四平,伊通
吉林,吉林市
长春,长春市
长春,长春市
长春,德惠
吉林,吉林市
四平,四平市
长春,长春市
长春,长春市
延边,和龙
四平,伊通
四平,伊通
长春,长春市
延边,汪清
延边,汪清
长春,长春市
长春,长春市
长春,长春市
通化,通化市
长春,长春市
长春,长春市
通化,通化市
长春,长春市
长春,长春市
长春,长春市
通化,通化县
四平,四平市
四平,四平市
长春,长春市
长春,长春市
松原,扶余
松原,扶余
松原,扶余
松原,扶余
松原,扶余
松原,扶余
松原,扶余
四平,双辽
四平,双辽
吉林,吉林市
通化,通化市
长春,长春市
吉林,吉林市
长春,长春市
长春,长春市
四平,四平市
长春,长春市
长春,长春市
长春,长春市
吉林,吉林市
长春,长春市
四平,四平市
通化,通化市
白山,抚松
长春,德惠
长春,德惠
白城,白城市
白城,白城市
辽源,辽源市
辽源,辽源市
长春,长春市
长春,长春市
四平,四平市
长春,长春市
长春,长春市
长春,农安
长春,长春市